mol_id,ligand,receptor,score
mol0,rec_5_mol0.sdf,rec_final_5-noH.pdb,29.6377
mol0,rec_16_mol0.sdf,rec_final_16-noH.pdb,27.6340
mol0,rec_6_mol0.sdf,rec_final_6-noH.pdb,27.1871
mol0,rec_20_mol0.sdf,rec_final_20-noH.pdb,26.3064
mol0,rec_9_mol0.sdf,rec_final_9-noH.pdb,26.1340
mol0,rec_11_mol0.sdf,rec_final_11-noH.pdb,25.0906
mol0,rec_1_mol0.sdf,rec_final_1-noH.pdb,24.9111
mol0,rec_4_mol0.sdf,rec_final_4-noH.pdb,24.0777
mol0,rec_19_mol0.sdf,rec_final_19-noH.pdb,24.0233
mol0,rec_7_mol0.sdf,rec_final_7-noH.pdb,23.9525
mol0,rec_14_mol0.sdf,rec_final_14-noH.pdb,23.6633
mol0,rec_18_mol0.sdf,rec_final_18-noH.pdb,23.0486
mol0,rec_2_mol0.sdf,rec_final_2-noH.pdb,22.8595
mol0,rec_15_mol0.sdf,rec_final_15-noH.pdb,22.1649
mol0,rec_12_mol0.sdf,rec_final_12-noH.pdb,22.0137
mol1,rec_14_mol1.sdf,rec_final_14-noH.pdb,21.8304
mol1,rec_20_mol1.sdf,rec_final_20-noH.pdb,21.4703
mol1,rec_5_mol1.sdf,rec_final_5-noH.pdb,21.3106
mol1,rec_2_mol1.sdf,rec_final_2-noH.pdb,19.7388
mol1,rec_16_mol1.sdf,rec_final_16-noH.pdb,19.4647
mol1,rec_9_mol1.sdf,rec_final_9-noH.pdb,18.8974
mol1,rec_15_mol1.sdf,rec_final_15-noH.pdb,18.7254
mol1,rec_13_mol1.sdf,rec_final_13-noH.pdb,18.5023
mol1,rec_12_mol1.sdf,rec_final_12-noH.pdb,18.3666
mol1,rec_18_mol1.sdf,rec_final_18-noH.pdb,18.0984
mol1,rec_6_mol1.sdf,rec_final_6-noH.pdb,17.8825
mol1,rec_11_mol1.sdf,rec_final_11-noH.pdb,17.7558
mol1,rec_7_mol1.sdf,rec_final_7-noH.pdb,17.4678
mol1,rec_19_mol1.sdf,rec_final_19-noH.pdb,17.3936
mol1,rec_4_mol1.sdf,rec_final_4-noH.pdb,15.5076
mol1,rec_1_mol1.sdf,rec_final_1-noH.pdb,13.0388
mol2,rec_14_mol2.sdf,rec_final_14-noH.pdb,25.5315
mol2,rec_9_mol2.sdf,rec_final_9-noH.pdb,24.4092
mol2,rec_12_mol2.sdf,rec_final_12-noH.pdb,23.6191
mol2,rec_5_mol2.sdf,rec_final_5-noH.pdb,23.2339
mol2,rec_11_mol2.sdf,rec_final_11-noH.pdb,19.5772
mol2,rec_20_mol2.sdf,rec_final_20-noH.pdb,19.5324
mol2,rec_19_mol2.sdf,rec_final_19-noH.pdb,18.3073
mol2,rec_15_mol2.sdf,rec_final_15-noH.pdb,17.9586
mol2,rec_2_mol2.sdf,rec_final_2-noH.pdb,17.7439
mol2,rec_1_mol2.sdf,rec_final_1-noH.pdb,16.8098
mol2,rec_6_mol2.sdf,rec_final_6-noH.pdb,16.7569
mol2,rec_18_mol2.sdf,rec_final_18-noH.pdb,16.1200
mol2,rec_7_mol2.sdf,rec_final_7-noH.pdb,16.0572
mol2,rec_16_mol2.sdf,rec_final_16-noH.pdb,15.9358
mol2,rec_4_mol2.sdf,rec_final_4-noH.pdb,14.4237
mol3,rec_20_mol3.sdf,rec_final_20-noH.pdb,29.6972
mol3,rec_5_mol3.sdf,rec_final_5-noH.pdb,28.4180
mol3,rec_16_mol3.sdf,rec_final_16-noH.pdb,26.1222
mol3,rec_15_mol3.sdf,rec_final_15-noH.pdb,25.9097
mol3,rec_2_mol3.sdf,rec_final_2-noH.pdb,25.5202
mol3,rec_19_mol3.sdf,rec_final_19-noH.pdb,25.2428
mol3,rec_14_mol3.sdf,rec_final_14-noH.pdb,24.7425
mol3,rec_11_mol3.sdf,rec_final_11-noH.pdb,24.4979
mol3,rec_4_mol3.sdf,rec_final_4-noH.pdb,24.2023
mol3,rec_6_mol3.sdf,rec_final_6-noH.pdb,23.6811
mol3,rec_12_mol3.sdf,rec_final_12-noH.pdb,23.5959
mol3,rec_18_mol3.sdf,rec_final_18-noH.pdb,23.2240
mol3,rec_13_mol3.sdf,rec_final_13-noH.pdb,22.2551
mol3,rec_7_mol3.sdf,rec_final_7-noH.pdb,20.7405
mol3,rec_1_mol3.sdf,rec_final_1-noH.pdb,20.6517
mol4,rec_16_mol4.sdf,rec_final_16-noH.pdb,18.2596
mol4,rec_2_mol4.sdf,rec_final_2-noH.pdb,17.9704
mol4,rec_12_mol4.sdf,rec_final_12-noH.pdb,17.6256
mol4,rec_11_mol4.sdf,rec_final_11-noH.pdb,17.6136
mol4,rec_5_mol4.sdf,rec_final_5-noH.pdb,17.2028
mol4,rec_4_mol4.sdf,rec_final_4-noH.pdb,16.9939
mol4,rec_18_mol4.sdf,rec_final_18-noH.pdb,16.9492
mol4,rec_13_mol4.sdf,rec_final_13-noH.pdb,16.6209
mol4,rec_20_mol4.sdf,rec_final_20-noH.pdb,16.1791
mol4,rec_19_mol4.sdf,rec_final_19-noH.pdb,15.6988
mol4,rec_7_mol4.sdf,rec_final_7-noH.pdb,15.6035
mol4,rec_9_mol4.sdf,rec_final_9-noH.pdb,15.1978
mol4,rec_14_mol4.sdf,rec_final_14-noH.pdb,14.5057
mol4,rec_6_mol4.sdf,rec_final_6-noH.pdb,13.7253
mol4,rec_15_mol4.sdf,rec_final_15-noH.pdb,12.7326
mol5,rec_14_mol5.sdf,rec_final_14-noH.pdb,25.1721
mol5,rec_2_mol5.sdf,rec_final_2-noH.pdb,20.3468
mol5,rec_18_mol5.sdf,rec_final_18-noH.pdb,20.2611
mol5,rec_12_mol5.sdf,rec_final_12-noH.pdb,20.1488
mol5,rec_15_mol5.sdf,rec_final_15-noH.pdb,19.3341
mol5,rec_19_mol5.sdf,rec_final_19-noH.pdb,19.3236
mol5,rec_6_mol5.sdf,rec_final_6-noH.pdb,19.0289
mol5,rec_4_mol5.sdf,rec_final_4-noH.pdb,18.7032
mol5,rec_5_mol5.sdf,rec_final_5-noH.pdb,18.3970
mol5,rec_9_mol5.sdf,rec_final_9-noH.pdb,17.5132
mol5,rec_7_mol5.sdf,rec_final_7-noH.pdb,17.3959
mol5,rec_16_mol5.sdf,rec_final_16-noH.pdb,17.3313
mol5,rec_1_mol5.sdf,rec_final_1-noH.pdb,16.8607
mol5,rec_11_mol5.sdf,rec_final_11-noH.pdb,16.3744
mol5,rec_13_mol5.sdf,rec_final_13-noH.pdb,16.0247
mol6,rec_12_mol6.sdf,rec_final_12-noH.pdb,26.0164
mol6,rec_19_mol6.sdf,rec_final_19-noH.pdb,23.6506
mol6,rec_18_mol6.sdf,rec_final_18-noH.pdb,22.7973
mol6,rec_13_mol6.sdf,rec_final_13-noH.pdb,22.5237
mol6,rec_5_mol6.sdf,rec_final_5-noH.pdb,21.8256
mol6,rec_2_mol6.sdf,rec_final_2-noH.pdb,21.2275
mol6,rec_11_mol6.sdf,rec_final_11-noH.pdb,21.1012
mol6,rec_9_mol6.sdf,rec_final_9-noH.pdb,19.5147
mol6,rec_4_mol6.sdf,rec_final_4-noH.pdb,19.5020
mol6,rec_14_mol6.sdf,rec_final_14-noH.pdb,19.2260
mol6,rec_7_mol6.sdf,rec_final_7-noH.pdb,19.1815
mol6,rec_16_mol6.sdf,rec_final_16-noH.pdb,18.9999
mol6,rec_20_mol6.sdf,rec_final_20-noH.pdb,18.0896
mol6,rec_6_mol6.sdf,rec_final_6-noH.pdb,17.9742
mol6,rec_15_mol6.sdf,rec_final_15-noH.pdb,17.1279
mol6,rec_1_mol6.sdf,rec_final_1-noH.pdb,12.7864
mol7,rec_6_mol7.sdf,rec_final_6-noH.pdb,15.3876
mol7,rec_4_mol7.sdf,rec_final_4-noH.pdb,14.2365
mol7,rec_5_mol7.sdf,rec_final_5-noH.pdb,13.6454
mol7,rec_18_mol7.sdf,rec_final_18-noH.pdb,12.6674
mol7,rec_13_mol7.sdf,rec_final_13-noH.pdb,12.5715
mol7,rec_20_mol7.sdf,rec_final_20-noH.pdb,11.6152
mol7,rec_9_mol7.sdf,rec_final_9-noH.pdb,11.0689
mol7,rec_11_mol7.sdf,rec_final_11-noH.pdb,10.9670
mol7,rec_19_mol7.sdf,rec_final_19-noH.pdb,10.6598
mol7,rec_16_mol7.sdf,rec_final_16-noH.pdb,10.5726
mol7,rec_2_mol7.sdf,rec_final_2-noH.pdb,9.9451
mol7,rec_14_mol7.sdf,rec_final_14-noH.pdb,9.8053
mol7,rec_12_mol7.sdf,rec_final_12-noH.pdb,9.3886
mol7,rec_15_mol7.sdf,rec_final_15-noH.pdb,9.1148
mol7,rec_7_mol7.sdf,rec_final_7-noH.pdb,8.8153
mol8,rec_6_mol8.sdf,rec_final_6-noH.pdb,25.0188
mol8,rec_13_mol8.sdf,rec_final_13-noH.pdb,25.0058
mol8,rec_15_mol8.sdf,rec_final_15-noH.pdb,23.3880
mol8,rec_16_mol8.sdf,rec_final_16-noH.pdb,22.3283
mol8,rec_19_mol8.sdf,rec_final_19-noH.pdb,21.8671
mol8,rec_5_mol8.sdf,rec_final_5-noH.pdb,21.3907
mol8,rec_11_mol8.sdf,rec_final_11-noH.pdb,21.3191
mol8,rec_14_mol8.sdf,rec_final_14-noH.pdb,20.6333
mol8,rec_20_mol8.sdf,rec_final_20-noH.pdb,20.3903
mol8,rec_12_mol8.sdf,rec_final_12-noH.pdb,20.2876
mol8,rec_4_mol8.sdf,rec_final_4-noH.pdb,19.0198
mol8,rec_7_mol8.sdf,rec_final_7-noH.pdb,17.7013
mol8,rec_1_mol8.sdf,rec_final_1-noH.pdb,17.3022
mol8,rec_2_mol8.sdf,rec_final_2-noH.pdb,16.8109
mol9,rec_5_mol9.sdf,rec_final_5-noH.pdb,22.8825
mol9,rec_20_mol9.sdf,rec_final_20-noH.pdb,22.6200
mol9,rec_4_mol9.sdf,rec_final_4-noH.pdb,21.7827
mol9,rec_12_mol9.sdf,rec_final_12-noH.pdb,21.3444
mol9,rec_2_mol9.sdf,rec_final_2-noH.pdb,21.2584
mol9,rec_15_mol9.sdf,rec_final_15-noH.pdb,21.2445
mol9,rec_16_mol9.sdf,rec_final_16-noH.pdb,21.0975
mol9,rec_18_mol9.sdf,rec_final_18-noH.pdb,20.8826
mol9,rec_6_mol9.sdf,rec_final_6-noH.pdb,20.7456
mol9,rec_1_mol9.sdf,rec_final_1-noH.pdb,20.7195
mol9,rec_19_mol9.sdf,rec_final_19-noH.pdb,20.6036
mol9,rec_14_mol9.sdf,rec_final_14-noH.pdb,18.6731
mol9,rec_7_mol9.sdf,rec_final_7-noH.pdb,17.8024
mol9,rec_11_mol9.sdf,rec_final_11-noH.pdb,17.7535
mol10,rec_20_mol10.sdf,rec_final_20-noH.pdb,22.7752
mol10,rec_16_mol10.sdf,rec_final_16-noH.pdb,22.6415
mol10,rec_5_mol10.sdf,rec_final_5-noH.pdb,21.6829
mol10,rec_12_mol10.sdf,rec_final_12-noH.pdb,21.3705
mol10,rec_18_mol10.sdf,rec_final_18-noH.pdb,20.9949
mol10,rec_2_mol10.sdf,rec_final_2-noH.pdb,20.4894
mol10,rec_4_mol10.sdf,rec_final_4-noH.pdb,20.2331
mol10,rec_14_mol10.sdf,rec_final_14-noH.pdb,20.0616
mol10,rec_6_mol10.sdf,rec_final_6-noH.pdb,19.9720
mol10,rec_19_mol10.sdf,rec_final_19-noH.pdb,19.9430
mol10,rec_15_mol10.sdf,rec_final_15-noH.pdb,19.6333
mol10,rec_1_mol10.sdf,rec_final_1-noH.pdb,19.2122
mol10,rec_7_mol10.sdf,rec_final_7-noH.pdb,18.5158
mol10,rec_11_mol10.sdf,rec_final_11-noH.pdb,16.8436
mol11,rec_14_mol11.sdf,rec_final_14-noH.pdb,18.3343
mol11,rec_12_mol11.sdf,rec_final_12-noH.pdb,18.2068
mol11,rec_11_mol11.sdf,rec_final_11-noH.pdb,17.7849
mol11,rec_2_mol11.sdf,rec_final_2-noH.pdb,17.6001
mol11,rec_6_mol11.sdf,rec_final_6-noH.pdb,17.5685
mol11,rec_5_mol11.sdf,rec_final_5-noH.pdb,17.2886
mol11,rec_16_mol11.sdf,rec_final_16-noH.pdb,17.1946
mol11,rec_4_mol11.sdf,rec_final_4-noH.pdb,16.9392
mol11,rec_20_mol11.sdf,rec_final_20-noH.pdb,16.6677
mol11,rec_15_mol11.sdf,rec_final_15-noH.pdb,15.6040
mol11,rec_19_mol11.sdf,rec_final_19-noH.pdb,15.1699
mol11,rec_18_mol11.sdf,rec_final_18-noH.pdb,13.2957
mol11,rec_13_mol11.sdf,rec_final_13-noH.pdb,12.0278
mol11,rec_9_mol11.sdf,rec_final_9-noH.pdb,11.7635
mol11,rec_7_mol11.sdf,rec_final_7-noH.pdb,11.5002
mol12,rec_5_mol12.sdf,rec_final_5-noH.pdb,14.2846
mol12,rec_20_mol12.sdf,rec_final_20-noH.pdb,13.8858
mol12,rec_19_mol12.sdf,rec_final_19-noH.pdb,13.8639
mol12,rec_6_mol12.sdf,rec_final_6-noH.pdb,13.6027
mol12,rec_16_mol12.sdf,rec_final_16-noH.pdb,12.3714
mol12,rec_7_mol12.sdf,rec_final_7-noH.pdb,12.2214
mol12,rec_4_mol12.sdf,rec_final_4-noH.pdb,12.1743
mol12,rec_14_mol12.sdf,rec_final_14-noH.pdb,12.0634
mol12,rec_18_mol12.sdf,rec_final_18-noH.pdb,12.0452
mol12,rec_11_mol12.sdf,rec_final_11-noH.pdb,12.0384
mol12,rec_13_mol12.sdf,rec_final_13-noH.pdb,11.3633
mol12,rec_15_mol12.sdf,rec_final_15-noH.pdb,11.3620
mol12,rec_2_mol12.sdf,rec_final_2-noH.pdb,11.3471
mol12,rec_12_mol12.sdf,rec_final_12-noH.pdb,10.9094
mol12,rec_9_mol12.sdf,rec_final_9-noH.pdb,10.7983
mol13,rec_14_mol13.sdf,rec_final_14-noH.pdb,24.1441
mol13,rec_9_mol13.sdf,rec_final_9-noH.pdb,23.7255
mol13,rec_20_mol13.sdf,rec_final_20-noH.pdb,23.5390
mol13,rec_16_mol13.sdf,rec_final_16-noH.pdb,23.5032
mol13,rec_5_mol13.sdf,rec_final_5-noH.pdb,23.4296
mol13,rec_2_mol13.sdf,rec_final_2-noH.pdb,23.1854
mol13,rec_4_mol13.sdf,rec_final_4-noH.pdb,22.9498
mol13,rec_6_mol13.sdf,rec_final_6-noH.pdb,22.7472
mol13,rec_15_mol13.sdf,rec_final_15-noH.pdb,21.6563
mol13,rec_1_mol13.sdf,rec_final_1-noH.pdb,21.4180
mol13,rec_12_mol13.sdf,rec_final_12-noH.pdb,21.2491
mol13,rec_11_mol13.sdf,rec_final_11-noH.pdb,21.1219
mol13,rec_18_mol13.sdf,rec_final_18-noH.pdb,20.2792
mol13,rec_19_mol13.sdf,rec_final_19-noH.pdb,20.1937
mol13,rec_7_mol13.sdf,rec_final_7-noH.pdb,19.9775
mol14,rec_6_mol14.sdf,rec_final_6-noH.pdb,22.8126
mol14,rec_20_mol14.sdf,rec_final_20-noH.pdb,22.2914
mol14,rec_14_mol14.sdf,rec_final_14-noH.pdb,22.2645
mol14,rec_13_mol14.sdf,rec_final_13-noH.pdb,21.6162
mol14,rec_12_mol14.sdf,rec_final_12-noH.pdb,21.3264
mol14,rec_5_mol14.sdf,rec_final_5-noH.pdb,21.2584
mol14,rec_16_mol14.sdf,rec_final_16-noH.pdb,21.1348
mol14,rec_15_mol14.sdf,rec_final_15-noH.pdb,20.9601
mol14,rec_4_mol14.sdf,rec_final_4-noH.pdb,20.9472
mol14,rec_11_mol14.sdf,rec_final_11-noH.pdb,20.6979
mol14,rec_19_mol14.sdf,rec_final_19-noH.pdb,20.5506
mol14,rec_2_mol14.sdf,rec_final_2-noH.pdb,20.2064
mol14,rec_7_mol14.sdf,rec_final_7-noH.pdb,19.3794
mol14,rec_18_mol14.sdf,rec_final_18-noH.pdb,19.3747
mol14,rec_1_mol14.sdf,rec_final_1-noH.pdb,18.9298
mol15,rec_14_mol15.sdf,rec_final_14-noH.pdb,23.1976
mol15,rec_16_mol15.sdf,rec_final_16-noH.pdb,22.4601
mol15,rec_18_mol15.sdf,rec_final_18-noH.pdb,21.9029
mol15,rec_4_mol15.sdf,rec_final_4-noH.pdb,21.7838
mol15,rec_5_mol15.sdf,rec_final_5-noH.pdb,21.7354
mol15,rec_2_mol15.sdf,rec_final_2-noH.pdb,21.6845
mol15,rec_9_mol15.sdf,rec_final_9-noH.pdb,21.5528
mol15,rec_12_mol15.sdf,rec_final_12-noH.pdb,21.4463
mol15,rec_11_mol15.sdf,rec_final_11-noH.pdb,21.1349
mol15,rec_20_mol15.sdf,rec_final_20-noH.pdb,20.7667
mol15,rec_19_mol15.sdf,rec_final_19-noH.pdb,20.5561
mol15,rec_15_mol15.sdf,rec_final_15-noH.pdb,19.6279
mol15,rec_1_mol15.sdf,rec_final_1-noH.pdb,19.6237
mol15,rec_6_mol15.sdf,rec_final_6-noH.pdb,18.8770
mol15,rec_7_mol15.sdf,rec_final_7-noH.pdb,16.3606
mol16,rec_13_mol16.sdf,rec_final_13-noH.pdb,14.0186
mol16,rec_5_mol16.sdf,rec_final_5-noH.pdb,13.7208
mol16,rec_20_mol16.sdf,rec_final_20-noH.pdb,13.5303
mol16,rec_2_mol16.sdf,rec_final_2-noH.pdb,13.1589
mol16,rec_16_mol16.sdf,rec_final_16-noH.pdb,12.8474
mol16,rec_14_mol16.sdf,rec_final_14-noH.pdb,12.4945
mol16,rec_12_mol16.sdf,rec_final_12-noH.pdb,12.4679
mol16,rec_11_mol16.sdf,rec_final_11-noH.pdb,12.4186
mol16,rec_15_mol16.sdf,rec_final_15-noH.pdb,12.1402
mol16,rec_9_mol16.sdf,rec_final_9-noH.pdb,11.9776
mol16,rec_18_mol16.sdf,rec_final_18-noH.pdb,11.2960
mol16,rec_4_mol16.sdf,rec_final_4-noH.pdb,11.1644
mol16,rec_7_mol16.sdf,rec_final_7-noH.pdb,11.1452
mol16,rec_19_mol16.sdf,rec_final_19-noH.pdb,11.0335
mol16,rec_6_mol16.sdf,rec_final_6-noH.pdb,10.9330
mol17,rec_20_mol17.sdf,rec_final_20-noH.pdb,22.5343
mol17,rec_1_mol17.sdf,rec_final_1-noH.pdb,21.9067
mol17,rec_4_mol17.sdf,rec_final_4-noH.pdb,21.8550
mol17,rec_6_mol17.sdf,rec_final_6-noH.pdb,21.2485
mol17,rec_12_mol17.sdf,rec_final_12-noH.pdb,20.8945
mol17,rec_19_mol17.sdf,rec_final_19-noH.pdb,20.5721
mol17,rec_7_mol17.sdf,rec_final_7-noH.pdb,20.3901
mol17,rec_2_mol17.sdf,rec_final_2-noH.pdb,20.3201
mol17,rec_16_mol17.sdf,rec_final_16-noH.pdb,20.0839
mol17,rec_11_mol17.sdf,rec_final_11-noH.pdb,19.9516
mol17,rec_5_mol17.sdf,rec_final_5-noH.pdb,19.1885
mol17,rec_18_mol17.sdf,rec_final_18-noH.pdb,18.7883
mol17,rec_15_mol17.sdf,rec_final_15-noH.pdb,18.7191
mol17,rec_9_mol17.sdf,rec_final_9-noH.pdb,18.6528
mol17,rec_13_mol17.sdf,rec_final_13-noH.pdb,18.6021
mol17,rec_14_mol17.sdf,rec_final_14-noH.pdb,18.2260
mol18,rec_14_mol18.sdf,rec_final_14-noH.pdb,14.3829
mol18,rec_19_mol18.sdf,rec_final_19-noH.pdb,14.1300
mol18,rec_20_mol18.sdf,rec_final_20-noH.pdb,13.9355
mol18,rec_9_mol18.sdf,rec_final_9-noH.pdb,13.3986
mol18,rec_16_mol18.sdf,rec_final_16-noH.pdb,12.9384
mol18,rec_12_mol18.sdf,rec_final_12-noH.pdb,12.7823
mol18,rec_2_mol18.sdf,rec_final_2-noH.pdb,12.6749
mol18,rec_7_mol18.sdf,rec_final_7-noH.pdb,12.4210
mol18,rec_5_mol18.sdf,rec_final_5-noH.pdb,12.3661
mol18,rec_13_mol18.sdf,rec_final_13-noH.pdb,12.1436
mol18,rec_15_mol18.sdf,rec_final_15-noH.pdb,12.0855
mol18,rec_4_mol18.sdf,rec_final_4-noH.pdb,11.8615
mol18,rec_6_mol18.sdf,rec_final_6-noH.pdb,11.7884
mol18,rec_11_mol18.sdf,rec_final_11-noH.pdb,11.6626
mol18,rec_18_mol18.sdf,rec_final_18-noH.pdb,11.5106
mol19,rec_16_mol19.sdf,rec_final_16-noH.pdb,25.6388
mol19,rec_20_mol19.sdf,rec_final_20-noH.pdb,22.2093
mol19,rec_13_mol19.sdf,rec_final_13-noH.pdb,17.5448
mol19,rec_19_mol19.sdf,rec_final_19-noH.pdb,16.7792
mol19,rec_1_mol19.sdf,rec_final_1-noH.pdb,16.7241
mol19,rec_4_mol19.sdf,rec_final_4-noH.pdb,16.7004
mol19,rec_14_mol19.sdf,rec_final_14-noH.pdb,16.1496
mol19,rec_18_mol19.sdf,rec_final_18-noH.pdb,15.8399
mol19,rec_2_mol19.sdf,rec_final_2-noH.pdb,15.8216
mol19,rec_9_mol19.sdf,rec_final_9-noH.pdb,15.6273
mol19,rec_5_mol19.sdf,rec_final_5-noH.pdb,15.6044
mol19,rec_6_mol19.sdf,rec_final_6-noH.pdb,14.9698
mol19,rec_12_mol19.sdf,rec_final_12-noH.pdb,14.7625
mol19,rec_15_mol19.sdf,rec_final_15-noH.pdb,14.4973
mol19,rec_11_mol19.sdf,rec_final_11-noH.pdb,14.2636
mol19,rec_7_mol19.sdf,rec_final_7-noH.pdb,11.1402
mol20,rec_4_mol20.sdf,rec_final_4-noH.pdb,22.0941
mol20,rec_13_mol20.sdf,rec_final_13-noH.pdb,20.6937
mol20,rec_20_mol20.sdf,rec_final_20-noH.pdb,19.5278
mol20,rec_18_mol20.sdf,rec_final_18-noH.pdb,18.9291
mol20,rec_9_mol20.sdf,rec_final_9-noH.pdb,18.5025
mol20,rec_12_mol20.sdf,rec_final_12-noH.pdb,17.5523
mol20,rec_5_mol20.sdf,rec_final_5-noH.pdb,17.4477
mol20,rec_11_mol20.sdf,rec_final_11-noH.pdb,17.1520
mol20,rec_16_mol20.sdf,rec_final_16-noH.pdb,16.5877
mol20,rec_14_mol20.sdf,rec_final_14-noH.pdb,16.2658
mol20,rec_19_mol20.sdf,rec_final_19-noH.pdb,16.2019
mol20,rec_2_mol20.sdf,rec_final_2-noH.pdb,15.7335
mol20,rec_7_mol20.sdf,rec_final_7-noH.pdb,15.3806
mol20,rec_6_mol20.sdf,rec_final_6-noH.pdb,15.0780
mol20,rec_15_mol20.sdf,rec_final_15-noH.pdb,14.7295
mol21,rec_16_mol21.sdf,rec_final_16-noH.pdb,23.2932
mol21,rec_4_mol21.sdf,rec_final_4-noH.pdb,22.4657
mol21,rec_5_mol21.sdf,rec_final_5-noH.pdb,21.9941
mol21,rec_19_mol21.sdf,rec_final_19-noH.pdb,21.8767
mol21,rec_12_mol21.sdf,rec_final_12-noH.pdb,21.5836
mol21,rec_1_mol21.sdf,rec_final_1-noH.pdb,21.4661
mol21,rec_18_mol21.sdf,rec_final_18-noH.pdb,20.5127
mol21,rec_15_mol21.sdf,rec_final_15-noH.pdb,20.1810
mol21,rec_2_mol21.sdf,rec_final_2-noH.pdb,20.1295
mol21,rec_6_mol21.sdf,rec_final_6-noH.pdb,19.9543
mol21,rec_14_mol21.sdf,rec_final_14-noH.pdb,18.4887
mol21,rec_11_mol21.sdf,rec_final_11-noH.pdb,17.9832
mol21,rec_7_mol21.sdf,rec_final_7-noH.pdb,16.6133
mol22,rec_14_mol22.sdf,rec_final_14-noH.pdb,24.7044
mol22,rec_2_mol22.sdf,rec_final_2-noH.pdb,22.6313
mol22,rec_16_mol22.sdf,rec_final_16-noH.pdb,22.5381
mol22,rec_4_mol22.sdf,rec_final_4-noH.pdb,22.0885
mol22,rec_12_mol22.sdf,rec_final_12-noH.pdb,21.5996
mol22,rec_15_mol22.sdf,rec_final_15-noH.pdb,20.8426
mol22,rec_1_mol22.sdf,rec_final_1-noH.pdb,20.6990
mol22,rec_7_mol22.sdf,rec_final_7-noH.pdb,20.4779
mol22,rec_9_mol22.sdf,rec_final_9-noH.pdb,19.4469
mol22,rec_6_mol22.sdf,rec_final_6-noH.pdb,18.6538
mol22,rec_18_mol22.sdf,rec_final_18-noH.pdb,18.0180
mol22,rec_5_mol22.sdf,rec_final_5-noH.pdb,18.0045
mol22,rec_19_mol22.sdf,rec_final_19-noH.pdb,15.3332
mol22,rec_20_mol22.sdf,rec_final_20-noH.pdb,15.0624
mol22,rec_11_mol22.sdf,rec_final_11-noH.pdb,12.6016
mol22,rec_13_mol22.sdf,rec_final_13-noH.pdb,12.2976
mol23,rec_16_mol23.sdf,rec_final_16-noH.pdb,23.6530
mol23,rec_14_mol23.sdf,rec_final_14-noH.pdb,23.6324
mol23,rec_11_mol23.sdf,rec_final_11-noH.pdb,22.2333
mol23,rec_4_mol23.sdf,rec_final_4-noH.pdb,22.1489
mol23,rec_2_mol23.sdf,rec_final_2-noH.pdb,21.8899
mol23,rec_12_mol23.sdf,rec_final_12-noH.pdb,21.7998
mol23,rec_5_mol23.sdf,rec_final_5-noH.pdb,21.7519
mol23,rec_18_mol23.sdf,rec_final_18-noH.pdb,21.5191
mol23,rec_15_mol23.sdf,rec_final_15-noH.pdb,21.3703
mol23,rec_6_mol23.sdf,rec_final_6-noH.pdb,20.7617
mol23,rec_20_mol23.sdf,rec_final_20-noH.pdb,20.3456
mol23,rec_19_mol23.sdf,rec_final_19-noH.pdb,20.1543
mol23,rec_9_mol23.sdf,rec_final_9-noH.pdb,18.9137
mol23,rec_13_mol23.sdf,rec_final_13-noH.pdb,18.5252
mol23,rec_7_mol23.sdf,rec_final_7-noH.pdb,16.6786
mol23,rec_1_mol23.sdf,rec_final_1-noH.pdb,16.0157
mol24,rec_9_mol24.sdf,rec_final_9-noH.pdb,25.3334
mol24,rec_13_mol24.sdf,rec_final_13-noH.pdb,23.1832
mol24,rec_20_mol24.sdf,rec_final_20-noH.pdb,23.0300
mol24,rec_6_mol24.sdf,rec_final_6-noH.pdb,22.9784
mol24,rec_16_mol24.sdf,rec_final_16-noH.pdb,22.9254
mol24,rec_1_mol24.sdf,rec_final_1-noH.pdb,22.7890
mol24,rec_18_mol24.sdf,rec_final_18-noH.pdb,22.7567
mol24,rec_7_mol24.sdf,rec_final_7-noH.pdb,21.9833
mol24,rec_12_mol24.sdf,rec_final_12-noH.pdb,21.9522
mol24,rec_4_mol24.sdf,rec_final_4-noH.pdb,21.9140
mol24,rec_14_mol24.sdf,rec_final_14-noH.pdb,21.4062
mol24,rec_2_mol24.sdf,rec_final_2-noH.pdb,20.9086
mol24,rec_5_mol24.sdf,rec_final_5-noH.pdb,20.8288
mol24,rec_19_mol24.sdf,rec_final_19-noH.pdb,20.1165
mol24,rec_15_mol24.sdf,rec_final_15-noH.pdb,19.7505
mol24,rec_11_mol24.sdf,rec_final_11-noH.pdb,18.8877
mol25,rec_5_mol25.sdf,rec_final_5-noH.pdb,31.1406
mol25,rec_14_mol25.sdf,rec_final_14-noH.pdb,31.0273
mol25,rec_2_mol25.sdf,rec_final_2-noH.pdb,30.1516
mol25,rec_4_mol25.sdf,rec_final_4-noH.pdb,29.3937
mol25,rec_20_mol25.sdf,rec_final_20-noH.pdb,28.3766
mol25,rec_12_mol25.sdf,rec_final_12-noH.pdb,27.8476
mol25,rec_19_mol25.sdf,rec_final_19-noH.pdb,27.3788
mol25,rec_16_mol25.sdf,rec_final_16-noH.pdb,26.8254
mol25,rec_15_mol25.sdf,rec_final_15-noH.pdb,25.6449
mol25,rec_1_mol25.sdf,rec_final_1-noH.pdb,25.0476
mol25,rec_9_mol25.sdf,rec_final_9-noH.pdb,25.0045
mol25,rec_6_mol25.sdf,rec_final_6-noH.pdb,24.2547
mol25,rec_18_mol25.sdf,rec_final_18-noH.pdb,24.0824
mol25,rec_11_mol25.sdf,rec_final_11-noH.pdb,22.0058
mol25,rec_7_mol25.sdf,rec_final_7-noH.pdb,20.0204
mol26,rec_12_mol26.sdf,rec_final_12-noH.pdb,18.0151
mol26,rec_4_mol26.sdf,rec_final_4-noH.pdb,16.2170
mol26,rec_6_mol26.sdf,rec_final_6-noH.pdb,16.1167
mol26,rec_18_mol26.sdf,rec_final_18-noH.pdb,15.9778
mol26,rec_16_mol26.sdf,rec_final_16-noH.pdb,15.9359
mol26,rec_15_mol26.sdf,rec_final_15-noH.pdb,15.7410
mol26,rec_20_mol26.sdf,rec_final_20-noH.pdb,15.5476
mol26,rec_11_mol26.sdf,rec_final_11-noH.pdb,15.3301
mol26,rec_5_mol26.sdf,rec_final_5-noH.pdb,15.1741
mol26,rec_2_mol26.sdf,rec_final_2-noH.pdb,15.1385
mol26,rec_13_mol26.sdf,rec_final_13-noH.pdb,14.7486
mol26,rec_9_mol26.sdf,rec_final_9-noH.pdb,14.6791
mol26,rec_14_mol26.sdf,rec_final_14-noH.pdb,14.6423
mol26,rec_19_mol26.sdf,rec_final_19-noH.pdb,13.4400
mol26,rec_7_mol26.sdf,rec_final_7-noH.pdb,12.7801
mol27,rec_13_mol27.sdf,rec_final_13-noH.pdb,15.4924
mol27,rec_2_mol27.sdf,rec_final_2-noH.pdb,15.2527
mol27,rec_5_mol27.sdf,rec_final_5-noH.pdb,14.6759
mol27,rec_12_mol27.sdf,rec_final_12-noH.pdb,14.5087
mol27,rec_6_mol27.sdf,rec_final_6-noH.pdb,13.6923
mol27,rec_20_mol27.sdf,rec_final_20-noH.pdb,13.2145
mol27,rec_11_mol27.sdf,rec_final_11-noH.pdb,13.0923
mol27,rec_19_mol27.sdf,rec_final_19-noH.pdb,12.8019
mol27,rec_18_mol27.sdf,rec_final_18-noH.pdb,12.7377
mol27,rec_9_mol27.sdf,rec_final_9-noH.pdb,12.5607
mol27,rec_16_mol27.sdf,rec_final_16-noH.pdb,12.4625
mol27,rec_4_mol27.sdf,rec_final_4-noH.pdb,12.4572
mol27,rec_15_mol27.sdf,rec_final_15-noH.pdb,11.4933
mol27,rec_14_mol27.sdf,rec_final_14-noH.pdb,11.2682
mol27,rec_7_mol27.sdf,rec_final_7-noH.pdb,10.9781
mol28,rec_9_mol28.sdf,rec_final_9-noH.pdb,24.4755
mol28,rec_19_mol28.sdf,rec_final_19-noH.pdb,24.3569
mol28,rec_4_mol28.sdf,rec_final_4-noH.pdb,24.3001
mol28,rec_16_mol28.sdf,rec_final_16-noH.pdb,23.6695
mol28,rec_12_mol28.sdf,rec_final_12-noH.pdb,23.6321
mol28,rec_6_mol28.sdf,rec_final_6-noH.pdb,23.2394
mol28,rec_2_mol28.sdf,rec_final_2-noH.pdb,22.7226
mol28,rec_5_mol28.sdf,rec_final_5-noH.pdb,22.5928
mol28,rec_14_mol28.sdf,rec_final_14-noH.pdb,22.4259
mol28,rec_15_mol28.sdf,rec_final_15-noH.pdb,22.0046
mol28,rec_20_mol28.sdf,rec_final_20-noH.pdb,21.8760
mol28,rec_13_mol28.sdf,rec_final_13-noH.pdb,21.4296
mol28,rec_18_mol28.sdf,rec_final_18-noH.pdb,20.0660
mol28,rec_11_mol28.sdf,rec_final_11-noH.pdb,19.6837
mol28,rec_7_mol28.sdf,rec_final_7-noH.pdb,18.8088
mol28,rec_1_mol28.sdf,rec_final_1-noH.pdb,17.8370
mol29,rec_20_mol29.sdf,rec_final_20-noH.pdb,28.5541
mol29,rec_5_mol29.sdf,rec_final_5-noH.pdb,26.1273
mol29,rec_9_mol29.sdf,rec_final_9-noH.pdb,25.2424
mol29,rec_14_mol29.sdf,rec_final_14-noH.pdb,24.8904
mol29,rec_2_mol29.sdf,rec_final_2-noH.pdb,24.5635
mol29,rec_13_mol29.sdf,rec_final_13-noH.pdb,24.3911
mol29,rec_6_mol29.sdf,rec_final_6-noH.pdb,24.2344
mol29,rec_4_mol29.sdf,rec_final_4-noH.pdb,23.1597
mol29,rec_19_mol29.sdf,rec_final_19-noH.pdb,23.0373
mol29,rec_16_mol29.sdf,rec_final_16-noH.pdb,22.3855
mol29,rec_1_mol29.sdf,rec_final_1-noH.pdb,22.3188
mol29,rec_11_mol29.sdf,rec_final_11-noH.pdb,22.0568
mol29,rec_15_mol29.sdf,rec_final_15-noH.pdb,22.0503
mol29,rec_12_mol29.sdf,rec_final_12-noH.pdb,22.0243
mol29,rec_18_mol29.sdf,rec_final_18-noH.pdb,21.9208
mol29,rec_7_mol29.sdf,rec_final_7-noH.pdb,21.2257
mol30,rec_4_mol30.sdf,rec_final_4-noH.pdb,25.4531
mol30,rec_11_mol30.sdf,rec_final_11-noH.pdb,24.5885
mol30,rec_2_mol30.sdf,rec_final_2-noH.pdb,24.5444
mol30,rec_14_mol30.sdf,rec_final_14-noH.pdb,24.2046
mol30,rec_12_mol30.sdf,rec_final_12-noH.pdb,23.9505
mol30,rec_16_mol30.sdf,rec_final_16-noH.pdb,23.6998
mol30,rec_20_mol30.sdf,rec_final_20-noH.pdb,23.6036
mol30,rec_1_mol30.sdf,rec_final_1-noH.pdb,23.4753
mol30,rec_18_mol30.sdf,rec_final_18-noH.pdb,23.3648
mol30,rec_6_mol30.sdf,rec_final_6-noH.pdb,22.8354
mol30,rec_15_mol30.sdf,rec_final_15-noH.pdb,21.5146
mol30,rec_19_mol30.sdf,rec_final_19-noH.pdb,21.1830
mol30,rec_5_mol30.sdf,rec_final_5-noH.pdb,21.0078
mol30,rec_7_mol30.sdf,rec_final_7-noH.pdb,18.5826
mol31,rec_14_mol31.sdf,rec_final_14-noH.pdb,28.3127
mol31,rec_6_mol31.sdf,rec_final_6-noH.pdb,28.0343
mol31,rec_20_mol31.sdf,rec_final_20-noH.pdb,27.9758
mol31,rec_16_mol31.sdf,rec_final_16-noH.pdb,27.8003
mol31,rec_4_mol31.sdf,rec_final_4-noH.pdb,26.7151
mol31,rec_1_mol31.sdf,rec_final_1-noH.pdb,26.0319
mol31,rec_11_mol31.sdf,rec_final_11-noH.pdb,25.4665
mol31,rec_19_mol31.sdf,rec_final_19-noH.pdb,24.7873
mol31,rec_7_mol31.sdf,rec_final_7-noH.pdb,23.9580
mol31,rec_12_mol31.sdf,rec_final_12-noH.pdb,23.9402
mol31,rec_15_mol31.sdf,rec_final_15-noH.pdb,23.6994
mol31,rec_2_mol31.sdf,rec_final_2-noH.pdb,23.2841
mol31,rec_9_mol31.sdf,rec_final_9-noH.pdb,22.4225
mol31,rec_18_mol31.sdf,rec_final_18-noH.pdb,22.2995
mol31,rec_5_mol31.sdf,rec_final_5-noH.pdb,21.5902
mol32,rec_12_mol32.sdf,rec_final_12-noH.pdb,21.3661
mol32,rec_20_mol32.sdf,rec_final_20-noH.pdb,20.1168
mol32,rec_6_mol32.sdf,rec_final_6-noH.pdb,20.0882
mol32,rec_14_mol32.sdf,rec_final_14-noH.pdb,19.6949
mol32,rec_19_mol32.sdf,rec_final_19-noH.pdb,19.6212
mol32,rec_4_mol32.sdf,rec_final_4-noH.pdb,18.9343
mol32,rec_2_mol32.sdf,rec_final_2-noH.pdb,18.9101
mol32,rec_16_mol32.sdf,rec_final_16-noH.pdb,18.5359
mol32,rec_1_mol32.sdf,rec_final_1-noH.pdb,17.9614
mol32,rec_9_mol32.sdf,rec_final_9-noH.pdb,17.7536
mol32,rec_18_mol32.sdf,rec_final_18-noH.pdb,17.7105
mol32,rec_5_mol32.sdf,rec_final_5-noH.pdb,17.5187
mol32,rec_11_mol32.sdf,rec_final_11-noH.pdb,17.1354
mol32,rec_15_mol32.sdf,rec_final_15-noH.pdb,17.0640
mol32,rec_7_mol32.sdf,rec_final_7-noH.pdb,17.0377
mol32,rec_13_mol32.sdf,rec_final_13-noH.pdb,16.8318
mol33,rec_20_mol33.sdf,rec_final_20-noH.pdb,14.5767
mol33,rec_4_mol33.sdf,rec_final_4-noH.pdb,14.3206
mol33,rec_5_mol33.sdf,rec_final_5-noH.pdb,13.4967
mol33,rec_13_mol33.sdf,rec_final_13-noH.pdb,13.1444
mol33,rec_16_mol33.sdf,rec_final_16-noH.pdb,12.8440
mol33,rec_19_mol33.sdf,rec_final_19-noH.pdb,12.4598
mol33,rec_2_mol33.sdf,rec_final_2-noH.pdb,12.4261
mol33,rec_15_mol33.sdf,rec_final_15-noH.pdb,12.0853
mol33,rec_12_mol33.sdf,rec_final_12-noH.pdb,12.0656
mol33,rec_14_mol33.sdf,rec_final_14-noH.pdb,11.6709
mol33,rec_11_mol33.sdf,rec_final_11-noH.pdb,11.5260
mol33,rec_7_mol33.sdf,rec_final_7-noH.pdb,11.4503
mol33,rec_18_mol33.sdf,rec_final_18-noH.pdb,11.4037
mol33,rec_9_mol33.sdf,rec_final_9-noH.pdb,11.1414
mol33,rec_6_mol33.sdf,rec_final_6-noH.pdb,10.4964
mol34,rec_14_mol34.sdf,rec_final_14-noH.pdb,25.4033
mol34,rec_16_mol34.sdf,rec_final_16-noH.pdb,23.0112
mol34,rec_1_mol34.sdf,rec_final_1-noH.pdb,22.7147
mol34,rec_4_mol34.sdf,rec_final_4-noH.pdb,21.5015
mol34,rec_5_mol34.sdf,rec_final_5-noH.pdb,21.3650
mol34,rec_12_mol34.sdf,rec_final_12-noH.pdb,21.3016
mol34,rec_6_mol34.sdf,rec_final_6-noH.pdb,21.1432
mol34,rec_19_mol34.sdf,rec_final_19-noH.pdb,21.0132
mol34,rec_8_mol34.sdf,rec_final_8-noH.pdb,20.7259
mol34,rec_2_mol34.sdf,rec_final_2-noH.pdb,20.6524
mol34,rec_15_mol34.sdf,rec_final_15-noH.pdb,19.9995
mol34,rec_11_mol34.sdf,rec_final_11-noH.pdb,19.8082
mol34,rec_7_mol34.sdf,rec_final_7-noH.pdb,19.1786
mol34,rec_18_mol34.sdf,rec_final_18-noH.pdb,19.0486
mol35,rec_2_mol35.sdf,rec_final_2-noH.pdb,23.4581
mol35,rec_20_mol35.sdf,rec_final_20-noH.pdb,22.9751
mol35,rec_5_mol35.sdf,rec_final_5-noH.pdb,21.8566
mol35,rec_19_mol35.sdf,rec_final_19-noH.pdb,21.4802
mol35,rec_14_mol35.sdf,rec_final_14-noH.pdb,21.4157
mol35,rec_15_mol35.sdf,rec_final_15-noH.pdb,21.2914
mol35,rec_12_mol35.sdf,rec_final_12-noH.pdb,21.2473
mol35,rec_6_mol35.sdf,rec_final_6-noH.pdb,20.9685
mol35,rec_16_mol35.sdf,rec_final_16-noH.pdb,20.8463
mol35,rec_9_mol35.sdf,rec_final_9-noH.pdb,20.4562
mol35,rec_11_mol35.sdf,rec_final_11-noH.pdb,20.4162
mol35,rec_4_mol35.sdf,rec_final_4-noH.pdb,20.3647
mol35,rec_13_mol35.sdf,rec_final_13-noH.pdb,20.3071
mol35,rec_18_mol35.sdf,rec_final_18-noH.pdb,18.7943
mol35,rec_7_mol35.sdf,rec_final_7-noH.pdb,17.4878
mol36,rec_20_mol36.sdf,rec_final_20-noH.pdb,22.7146
mol36,rec_4_mol36.sdf,rec_final_4-noH.pdb,22.2358
mol36,rec_5_mol36.sdf,rec_final_5-noH.pdb,21.9885
mol36,rec_12_mol36.sdf,rec_final_12-noH.pdb,21.8895
mol36,rec_19_mol36.sdf,rec_final_19-noH.pdb,21.1416
mol36,rec_6_mol36.sdf,rec_final_6-noH.pdb,21.0172
mol36,rec_16_mol36.sdf,rec_final_16-noH.pdb,20.7805
mol36,rec_2_mol36.sdf,rec_final_2-noH.pdb,20.4592
mol36,rec_15_mol36.sdf,rec_final_15-noH.pdb,19.6201
mol36,rec_7_mol36.sdf,rec_final_7-noH.pdb,19.5316
mol36,rec_11_mol36.sdf,rec_final_11-noH.pdb,18.7246
mol36,rec_1_mol36.sdf,rec_final_1-noH.pdb,18.6896
mol36,rec_14_mol36.sdf,rec_final_14-noH.pdb,18.4470
mol37,rec_16_mol37.sdf,rec_final_16-noH.pdb,20.5410
mol37,rec_20_mol37.sdf,rec_final_20-noH.pdb,20.1698
mol37,rec_14_mol37.sdf,rec_final_14-noH.pdb,19.9804
mol37,rec_2_mol37.sdf,rec_final_2-noH.pdb,19.8991
mol37,rec_15_mol37.sdf,rec_final_15-noH.pdb,19.4798
mol37,rec_9_mol37.sdf,rec_final_9-noH.pdb,19.0354
mol37,rec_5_mol37.sdf,rec_final_5-noH.pdb,19.0015
mol37,rec_12_mol37.sdf,rec_final_12-noH.pdb,18.4760
mol37,rec_13_mol37.sdf,rec_final_13-noH.pdb,18.4458
mol37,rec_19_mol37.sdf,rec_final_19-noH.pdb,17.9873
mol37,rec_4_mol37.sdf,rec_final_4-noH.pdb,17.8510
mol37,rec_6_mol37.sdf,rec_final_6-noH.pdb,17.8285
mol37,rec_11_mol37.sdf,rec_final_11-noH.pdb,17.6849
mol37,rec_18_mol37.sdf,rec_final_18-noH.pdb,17.2861
mol37,rec_7_mol37.sdf,rec_final_7-noH.pdb,15.7956
mol38,rec_16_mol38.sdf,rec_final_16-noH.pdb,26.9824
mol38,rec_9_mol38.sdf,rec_final_9-noH.pdb,25.8189
mol38,rec_2_mol38.sdf,rec_final_2-noH.pdb,25.5475
mol38,rec_5_mol38.sdf,rec_final_5-noH.pdb,25.0780
mol38,rec_12_mol38.sdf,rec_final_12-noH.pdb,24.4518
mol38,rec_15_mol38.sdf,rec_final_15-noH.pdb,24.3849
mol38,rec_13_mol38.sdf,rec_final_13-noH.pdb,24.3164
mol38,rec_18_mol38.sdf,rec_final_18-noH.pdb,23.9060
mol38,rec_19_mol38.sdf,rec_final_19-noH.pdb,23.8701
mol38,rec_20_mol38.sdf,rec_final_20-noH.pdb,23.6699
mol38,rec_6_mol38.sdf,rec_final_6-noH.pdb,23.3445
mol38,rec_11_mol38.sdf,rec_final_11-noH.pdb,23.2216
mol38,rec_4_mol38.sdf,rec_final_4-noH.pdb,22.3272
mol38,rec_8_mol38.sdf,rec_final_8-noH.pdb,21.9836
mol38,rec_14_mol38.sdf,rec_final_14-noH.pdb,21.0920
mol38,rec_7_mol38.sdf,rec_final_7-noH.pdb,19.8543
mol38,rec_1_mol38.sdf,rec_final_1-noH.pdb,18.3968
mol39,rec_14_mol39.sdf,rec_final_14-noH.pdb,26.4037
mol39,rec_4_mol39.sdf,rec_final_4-noH.pdb,22.8885
mol39,rec_16_mol39.sdf,rec_final_16-noH.pdb,22.5734
mol39,rec_20_mol39.sdf,rec_final_20-noH.pdb,21.4347
mol39,rec_2_mol39.sdf,rec_final_2-noH.pdb,21.0416
mol39,rec_9_mol39.sdf,rec_final_9-noH.pdb,20.7964
mol39,rec_19_mol39.sdf,rec_final_19-noH.pdb,20.0978
mol39,rec_15_mol39.sdf,rec_final_15-noH.pdb,19.7467
mol39,rec_6_mol39.sdf,rec_final_6-noH.pdb,19.5891
mol39,rec_5_mol39.sdf,rec_final_5-noH.pdb,19.5598
mol39,rec_12_mol39.sdf,rec_final_12-noH.pdb,19.2471
mol39,rec_18_mol39.sdf,rec_final_18-noH.pdb,19.1136
mol39,rec_13_mol39.sdf,rec_final_13-noH.pdb,17.9872
mol39,rec_1_mol39.sdf,rec_final_1-noH.pdb,17.7400
mol39,rec_7_mol39.sdf,rec_final_7-noH.pdb,16.8200
mol39,rec_11_mol39.sdf,rec_final_11-noH.pdb,16.4940
mol40,rec_2_mol40.sdf,rec_final_2-noH.pdb,22.9799
mol40,rec_9_mol40.sdf,rec_final_9-noH.pdb,22.2721
mol40,rec_16_mol40.sdf,rec_final_16-noH.pdb,21.8846
mol40,rec_5_mol40.sdf,rec_final_5-noH.pdb,21.6218
mol40,rec_6_mol40.sdf,rec_final_6-noH.pdb,21.5877
mol40,rec_4_mol40.sdf,rec_final_4-noH.pdb,21.4974
mol40,rec_19_mol40.sdf,rec_final_19-noH.pdb,21.2968
mol40,rec_20_mol40.sdf,rec_final_20-noH.pdb,21.1677
mol40,rec_12_mol40.sdf,rec_final_12-noH.pdb,21.1021
mol40,rec_18_mol40.sdf,rec_final_18-noH.pdb,20.5712
mol40,rec_1_mol40.sdf,rec_final_1-noH.pdb,20.5551
mol40,rec_11_mol40.sdf,rec_final_11-noH.pdb,19.6579
mol40,rec_15_mol40.sdf,rec_final_15-noH.pdb,19.5401
mol40,rec_14_mol40.sdf,rec_final_14-noH.pdb,18.7872
mol40,rec_7_mol40.sdf,rec_final_7-noH.pdb,16.0236
mol41,rec_16_mol41.sdf,rec_final_16-noH.pdb,21.6721
mol41,rec_5_mol41.sdf,rec_final_5-noH.pdb,21.6613
mol41,rec_12_mol41.sdf,rec_final_12-noH.pdb,21.5489
mol41,rec_14_mol41.sdf,rec_final_14-noH.pdb,21.3122
mol41,rec_4_mol41.sdf,rec_final_4-noH.pdb,21.2935
mol41,rec_2_mol41.sdf,rec_final_2-noH.pdb,21.0411
mol41,rec_19_mol41.sdf,rec_final_19-noH.pdb,20.6401
mol41,rec_20_mol41.sdf,rec_final_20-noH.pdb,20.1139
mol41,rec_18_mol41.sdf,rec_final_18-noH.pdb,20.0935
mol41,rec_11_mol41.sdf,rec_final_11-noH.pdb,19.9617
mol41,rec_6_mol41.sdf,rec_final_6-noH.pdb,18.7346
mol41,rec_1_mol41.sdf,rec_final_1-noH.pdb,18.5380
mol41,rec_7_mol41.sdf,rec_final_7-noH.pdb,17.3953
mol41,rec_15_mol41.sdf,rec_final_15-noH.pdb,17.1367
mol42,rec_14_mol42.sdf,rec_final_14-noH.pdb,27.4007
mol42,rec_5_mol42.sdf,rec_final_5-noH.pdb,27.0327
mol42,rec_16_mol42.sdf,rec_final_16-noH.pdb,25.6057
mol42,rec_20_mol42.sdf,rec_final_20-noH.pdb,25.1393
mol42,rec_2_mol42.sdf,rec_final_2-noH.pdb,24.0719
mol42,rec_11_mol42.sdf,rec_final_11-noH.pdb,23.7565
mol42,rec_19_mol42.sdf,rec_final_19-noH.pdb,23.7065
mol42,rec_12_mol42.sdf,rec_final_12-noH.pdb,23.6540
mol42,rec_6_mol42.sdf,rec_final_6-noH.pdb,23.1625
mol42,rec_1_mol42.sdf,rec_final_1-noH.pdb,22.0549
mol42,rec_15_mol42.sdf,rec_final_15-noH.pdb,21.9191
mol42,rec_18_mol42.sdf,rec_final_18-noH.pdb,21.4806
mol42,rec_4_mol42.sdf,rec_final_4-noH.pdb,21.1296
mol42,rec_7_mol42.sdf,rec_final_7-noH.pdb,19.4783
mol42,rec_9_mol42.sdf,rec_final_9-noH.pdb,17.8036
mol43,rec_14_mol43.sdf,rec_final_14-noH.pdb,23.0747
mol43,rec_20_mol43.sdf,rec_final_20-noH.pdb,22.5088
mol43,rec_12_mol43.sdf,rec_final_12-noH.pdb,21.9799
mol43,rec_6_mol43.sdf,rec_final_6-noH.pdb,21.8327
mol43,rec_19_mol43.sdf,rec_final_19-noH.pdb,21.5291
mol43,rec_18_mol43.sdf,rec_final_18-noH.pdb,21.4035
mol43,rec_13_mol43.sdf,rec_final_13-noH.pdb,20.8396
mol43,rec_4_mol43.sdf,rec_final_4-noH.pdb,20.7416
mol43,rec_7_mol43.sdf,rec_final_7-noH.pdb,20.5508
mol43,rec_8_mol43.sdf,rec_final_8-noH.pdb,20.2980
mol43,rec_16_mol43.sdf,rec_final_16-noH.pdb,19.8391
mol43,rec_11_mol43.sdf,rec_final_11-noH.pdb,19.6949
mol43,rec_5_mol43.sdf,rec_final_5-noH.pdb,18.9755
mol43,rec_15_mol43.sdf,rec_final_15-noH.pdb,18.6216
mol43,rec_2_mol43.sdf,rec_final_2-noH.pdb,17.5177
mol43,rec_1_mol43.sdf,rec_final_1-noH.pdb,17.2605
mol44,rec_2_mol44.sdf,rec_final_2-noH.pdb,22.4396
mol44,rec_14_mol44.sdf,rec_final_14-noH.pdb,21.6035
mol44,rec_20_mol44.sdf,rec_final_20-noH.pdb,21.3112
mol44,rec_16_mol44.sdf,rec_final_16-noH.pdb,21.0955
mol44,rec_9_mol44.sdf,rec_final_9-noH.pdb,20.4720
mol44,rec_12_mol44.sdf,rec_final_12-noH.pdb,19.9617
mol44,rec_5_mol44.sdf,rec_final_5-noH.pdb,19.7164
mol44,rec_19_mol44.sdf,rec_final_19-noH.pdb,19.3350
mol44,rec_15_mol44.sdf,rec_final_15-noH.pdb,19.2186
mol44,rec_18_mol44.sdf,rec_final_18-noH.pdb,18.9665
mol44,rec_4_mol44.sdf,rec_final_4-noH.pdb,18.6289
mol44,rec_6_mol44.sdf,rec_final_6-noH.pdb,18.3027
mol44,rec_11_mol44.sdf,rec_final_11-noH.pdb,18.0121
mol44,rec_7_mol44.sdf,rec_final_7-noH.pdb,15.1888
mol45,rec_20_mol45.sdf,rec_final_20-noH.pdb,22.5915
mol45,rec_14_mol45.sdf,rec_final_14-noH.pdb,21.9539
mol45,rec_16_mol45.sdf,rec_final_16-noH.pdb,21.4763
mol45,rec_2_mol45.sdf,rec_final_2-noH.pdb,21.0846
mol45,rec_6_mol45.sdf,rec_final_6-noH.pdb,20.2298
mol45,rec_18_mol45.sdf,rec_final_18-noH.pdb,20.1982
mol45,rec_5_mol45.sdf,rec_final_5-noH.pdb,19.9431
mol45,rec_11_mol45.sdf,rec_final_11-noH.pdb,19.6891
mol45,rec_4_mol45.sdf,rec_final_4-noH.pdb,19.6650
mol45,rec_15_mol45.sdf,rec_final_15-noH.pdb,19.3769
mol45,rec_12_mol45.sdf,rec_final_12-noH.pdb,19.3184
mol45,rec_9_mol45.sdf,rec_final_9-noH.pdb,19.3108
mol45,rec_19_mol45.sdf,rec_final_19-noH.pdb,19.1429
mol45,rec_1_mol45.sdf,rec_final_1-noH.pdb,18.0883
mol45,rec_7_mol45.sdf,rec_final_7-noH.pdb,16.1061
mol46,rec_14_mol46.sdf,rec_final_14-noH.pdb,28.9573
mol46,rec_5_mol46.sdf,rec_final_5-noH.pdb,28.8248
mol46,rec_11_mol46.sdf,rec_final_11-noH.pdb,23.6137
mol46,rec_6_mol46.sdf,rec_final_6-noH.pdb,23.3577
mol46,rec_2_mol46.sdf,rec_final_2-noH.pdb,22.6304
mol46,rec_20_mol46.sdf,rec_final_20-noH.pdb,22.5549
mol46,rec_16_mol46.sdf,rec_final_16-noH.pdb,22.2255
mol46,rec_4_mol46.sdf,rec_final_4-noH.pdb,22.0427
mol46,rec_18_mol46.sdf,rec_final_18-noH.pdb,21.9812
mol46,rec_12_mol46.sdf,rec_final_12-noH.pdb,21.4786
mol46,rec_9_mol46.sdf,rec_final_9-noH.pdb,20.4786
mol46,rec_19_mol46.sdf,rec_final_19-noH.pdb,19.6622
mol46,rec_15_mol46.sdf,rec_final_15-noH.pdb,19.5247
mol46,rec_7_mol46.sdf,rec_final_7-noH.pdb,18.5076
mol47,rec_16_mol47.sdf,rec_final_16-noH.pdb,22.6330
mol47,rec_14_mol47.sdf,rec_final_14-noH.pdb,22.5831
mol47,rec_20_mol47.sdf,rec_final_20-noH.pdb,21.7854
mol47,rec_19_mol47.sdf,rec_final_19-noH.pdb,20.3834
mol47,rec_2_mol47.sdf,rec_final_2-noH.pdb,19.8154
mol47,rec_15_mol47.sdf,rec_final_15-noH.pdb,19.4660
mol47,rec_9_mol47.sdf,rec_final_9-noH.pdb,19.3731
mol47,rec_5_mol47.sdf,rec_final_5-noH.pdb,18.8494
mol47,rec_6_mol47.sdf,rec_final_6-noH.pdb,18.8313
mol47,rec_1_mol47.sdf,rec_final_1-noH.pdb,18.7284
mol47,rec_18_mol47.sdf,rec_final_18-noH.pdb,18.6043
mol47,rec_12_mol47.sdf,rec_final_12-noH.pdb,18.3261
mol47,rec_4_mol47.sdf,rec_final_4-noH.pdb,17.5945
mol47,rec_11_mol47.sdf,rec_final_11-noH.pdb,17.5829
mol47,rec_13_mol47.sdf,rec_final_13-noH.pdb,17.4095
mol47,rec_7_mol47.sdf,rec_final_7-noH.pdb,14.4947
mol48,rec_12_mol48.sdf,rec_final_12-noH.pdb,15.9754
mol48,rec_2_mol48.sdf,rec_final_2-noH.pdb,15.7581
mol48,rec_14_mol48.sdf,rec_final_14-noH.pdb,15.4187
mol48,rec_18_mol48.sdf,rec_final_18-noH.pdb,15.1163
mol48,rec_5_mol48.sdf,rec_final_5-noH.pdb,14.9209
mol48,rec_16_mol48.sdf,rec_final_16-noH.pdb,14.6692
mol48,rec_15_mol48.sdf,rec_final_15-noH.pdb,14.5037
mol48,rec_4_mol48.sdf,rec_final_4-noH.pdb,14.4687
mol48,rec_19_mol48.sdf,rec_final_19-noH.pdb,14.2903
mol48,rec_11_mol48.sdf,rec_final_11-noH.pdb,14.1202
mol48,rec_7_mol48.sdf,rec_final_7-noH.pdb,13.6853
mol48,rec_20_mol48.sdf,rec_final_20-noH.pdb,12.1751
mol48,rec_13_mol48.sdf,rec_final_13-noH.pdb,11.4517
mol48,rec_1_mol48.sdf,rec_final_1-noH.pdb,11.1551
mol48,rec_9_mol48.sdf,rec_final_9-noH.pdb,10.6514
mol48,rec_6_mol48.sdf,rec_final_6-noH.pdb,9.3182
mol49,rec_12_mol49.sdf,rec_final_12-noH.pdb,19.6378
mol49,rec_2_mol49.sdf,rec_final_2-noH.pdb,19.2168
mol49,rec_15_mol49.sdf,rec_final_15-noH.pdb,18.3589
mol49,rec_18_mol49.sdf,rec_final_18-noH.pdb,18.1381
mol49,rec_20_mol49.sdf,rec_final_20-noH.pdb,17.2155
mol49,rec_16_mol49.sdf,rec_final_16-noH.pdb,17.1401
mol49,rec_19_mol49.sdf,rec_final_19-noH.pdb,15.4337
mol49,rec_14_mol49.sdf,rec_final_14-noH.pdb,15.0794
mol49,rec_4_mol49.sdf,rec_final_4-noH.pdb,14.3236
mol49,rec_11_mol49.sdf,rec_final_11-noH.pdb,14.3045
mol49,rec_6_mol49.sdf,rec_final_6-noH.pdb,13.8703
mol49,rec_5_mol49.sdf,rec_final_5-noH.pdb,13.6541
mol49,rec_7_mol49.sdf,rec_final_7-noH.pdb,13.6394
mol49,rec_13_mol49.sdf,rec_final_13-noH.pdb,12.8459
mol49,rec_9_mol49.sdf,rec_final_9-noH.pdb,11.2487
mol50,rec_13_mol50.sdf,rec_final_13-noH.pdb,18.0180
mol50,rec_9_mol50.sdf,rec_final_9-noH.pdb,17.1727
mol50,rec_5_mol50.sdf,rec_final_5-noH.pdb,17.1079
mol50,rec_18_mol50.sdf,rec_final_18-noH.pdb,17.0493
mol50,rec_6_mol50.sdf,rec_final_6-noH.pdb,16.6120
mol50,rec_12_mol50.sdf,rec_final_12-noH.pdb,16.4286
mol50,rec_11_mol50.sdf,rec_final_11-noH.pdb,16.3825
mol50,rec_2_mol50.sdf,rec_final_2-noH.pdb,15.8929
mol50,rec_19_mol50.sdf,rec_final_19-noH.pdb,15.4689
mol50,rec_16_mol50.sdf,rec_final_16-noH.pdb,15.4275
mol50,rec_7_mol50.sdf,rec_final_7-noH.pdb,14.5380
mol50,rec_14_mol50.sdf,rec_final_14-noH.pdb,14.2680
mol50,rec_20_mol50.sdf,rec_final_20-noH.pdb,14.2128
mol50,rec_1_mol50.sdf,rec_final_1-noH.pdb,13.6871
mol50,rec_4_mol50.sdf,rec_final_4-noH.pdb,12.8266
mol50,rec_15_mol50.sdf,rec_final_15-noH.pdb,11.8440
mol51,rec_6_mol51.sdf,rec_final_6-noH.pdb,28.0702
mol51,rec_20_mol51.sdf,rec_final_20-noH.pdb,27.1479
mol51,rec_19_mol51.sdf,rec_final_19-noH.pdb,26.9227
mol51,rec_4_mol51.sdf,rec_final_4-noH.pdb,26.1152
mol51,rec_11_mol51.sdf,rec_final_11-noH.pdb,26.0716
mol51,rec_1_mol51.sdf,rec_final_1-noH.pdb,25.7955
mol51,rec_14_mol51.sdf,rec_final_14-noH.pdb,25.7592
mol51,rec_18_mol51.sdf,rec_final_18-noH.pdb,24.2573
mol51,rec_9_mol51.sdf,rec_final_9-noH.pdb,23.9569
mol51,rec_16_mol51.sdf,rec_final_16-noH.pdb,23.0044
mol51,rec_2_mol51.sdf,rec_final_2-noH.pdb,22.9857
mol51,rec_15_mol51.sdf,rec_final_15-noH.pdb,22.9694
mol51,rec_5_mol51.sdf,rec_final_5-noH.pdb,22.4409
mol51,rec_7_mol51.sdf,rec_final_7-noH.pdb,22.3411
mol51,rec_12_mol51.sdf,rec_final_12-noH.pdb,21.8332
mol52,rec_5_mol52.sdf,rec_final_5-noH.pdb,30.7191
mol52,rec_20_mol52.sdf,rec_final_20-noH.pdb,27.5067
mol52,rec_15_mol52.sdf,rec_final_15-noH.pdb,26.9287
mol52,rec_16_mol52.sdf,rec_final_16-noH.pdb,26.6976
mol52,rec_11_mol52.sdf,rec_final_11-noH.pdb,26.4638
mol52,rec_2_mol52.sdf,rec_final_2-noH.pdb,26.0181
mol52,rec_14_mol52.sdf,rec_final_14-noH.pdb,25.9588
mol52,rec_9_mol52.sdf,rec_final_9-noH.pdb,25.5647
mol52,rec_6_mol52.sdf,rec_final_6-noH.pdb,25.4016
mol52,rec_4_mol52.sdf,rec_final_4-noH.pdb,24.9200
mol52,rec_1_mol52.sdf,rec_final_1-noH.pdb,24.9018
mol52,rec_19_mol52.sdf,rec_final_19-noH.pdb,24.8746
mol52,rec_18_mol52.sdf,rec_final_18-noH.pdb,24.8515
mol52,rec_12_mol52.sdf,rec_final_12-noH.pdb,22.5052
mol52,rec_7_mol52.sdf,rec_final_7-noH.pdb,20.4581
mol53,rec_5_mol53.sdf,rec_final_5-noH.pdb,29.3033
mol53,rec_19_mol53.sdf,rec_final_19-noH.pdb,27.2874
mol53,rec_20_mol53.sdf,rec_final_20-noH.pdb,27.2156
mol53,rec_11_mol53.sdf,rec_final_11-noH.pdb,27.1321
mol53,rec_2_mol53.sdf,rec_final_2-noH.pdb,26.8960
mol53,rec_16_mol53.sdf,rec_final_16-noH.pdb,26.4595
mol53,rec_15_mol53.sdf,rec_final_15-noH.pdb,24.8329
mol53,rec_12_mol53.sdf,rec_final_12-noH.pdb,23.8750
mol53,rec_14_mol53.sdf,rec_final_14-noH.pdb,23.7954
mol53,rec_18_mol53.sdf,rec_final_18-noH.pdb,22.9809
mol53,rec_7_mol53.sdf,rec_final_7-noH.pdb,22.2966
mol53,rec_4_mol53.sdf,rec_final_4-noH.pdb,22.0048
mol53,rec_6_mol53.sdf,rec_final_6-noH.pdb,21.6695
mol53,rec_1_mol53.sdf,rec_final_1-noH.pdb,17.6483
mol54,rec_2_mol54.sdf,rec_final_2-noH.pdb,28.5312
mol54,rec_4_mol54.sdf,rec_final_4-noH.pdb,28.4249
mol54,rec_20_mol54.sdf,rec_final_20-noH.pdb,27.4400
mol54,rec_19_mol54.sdf,rec_final_19-noH.pdb,27.2109
mol54,rec_18_mol54.sdf,rec_final_18-noH.pdb,26.8137
mol54,rec_9_mol54.sdf,rec_final_9-noH.pdb,26.6015
mol54,rec_16_mol54.sdf,rec_final_16-noH.pdb,26.2815
mol54,rec_15_mol54.sdf,rec_final_15-noH.pdb,26.1313
mol54,rec_5_mol54.sdf,rec_final_5-noH.pdb,25.1791
mol54,rec_1_mol54.sdf,rec_final_1-noH.pdb,25.1411
mol54,rec_6_mol54.sdf,rec_final_6-noH.pdb,24.6817
mol54,rec_14_mol54.sdf,rec_final_14-noH.pdb,23.9648
mol54,rec_7_mol54.sdf,rec_final_7-noH.pdb,21.1259
mol54,rec_12_mol54.sdf,rec_final_12-noH.pdb,19.9784
mol54,rec_11_mol54.sdf,rec_final_11-noH.pdb,19.8863
mol55,rec_14_mol55.sdf,rec_final_14-noH.pdb,27.6325
mol55,rec_5_mol55.sdf,rec_final_5-noH.pdb,25.6391
mol55,rec_6_mol55.sdf,rec_final_6-noH.pdb,25.4208
mol55,rec_12_mol55.sdf,rec_final_12-noH.pdb,25.1480
mol55,rec_16_mol55.sdf,rec_final_16-noH.pdb,24.4553
mol55,rec_11_mol55.sdf,rec_final_11-noH.pdb,24.0095
mol55,rec_7_mol55.sdf,rec_final_7-noH.pdb,22.9177
mol55,rec_4_mol55.sdf,rec_final_4-noH.pdb,21.5380
mol55,rec_1_mol55.sdf,rec_final_1-noH.pdb,20.5715
mol55,rec_19_mol55.sdf,rec_final_19-noH.pdb,20.0106
mol55,rec_2_mol55.sdf,rec_final_2-noH.pdb,19.6399
mol55,rec_15_mol55.sdf,rec_final_15-noH.pdb,19.3543
mol55,rec_18_mol55.sdf,rec_final_18-noH.pdb,17.7007
mol56,rec_14_mol56.sdf,rec_final_14-noH.pdb,16.4743
mol56,rec_2_mol56.sdf,rec_final_2-noH.pdb,15.8103
mol56,rec_12_mol56.sdf,rec_final_12-noH.pdb,15.4134
mol56,rec_5_mol56.sdf,rec_final_5-noH.pdb,15.2343
mol56,rec_16_mol56.sdf,rec_final_16-noH.pdb,15.2108
mol56,rec_18_mol56.sdf,rec_final_18-noH.pdb,15.0388
mol56,rec_11_mol56.sdf,rec_final_11-noH.pdb,14.8200
mol56,rec_4_mol56.sdf,rec_final_4-noH.pdb,14.0454
mol56,rec_15_mol56.sdf,rec_final_15-noH.pdb,13.7942
mol56,rec_19_mol56.sdf,rec_final_19-noH.pdb,13.7342
mol56,rec_20_mol56.sdf,rec_final_20-noH.pdb,13.6715
mol56,rec_7_mol56.sdf,rec_final_7-noH.pdb,13.0979
mol56,rec_1_mol56.sdf,rec_final_1-noH.pdb,13.0117
mol56,rec_9_mol56.sdf,rec_final_9-noH.pdb,12.3998
mol56,rec_13_mol56.sdf,rec_final_13-noH.pdb,12.2787
mol56,rec_6_mol56.sdf,rec_final_6-noH.pdb,11.1057
mol57,rec_14_mol57.sdf,rec_final_14-noH.pdb,31.9598
mol57,rec_20_mol57.sdf,rec_final_20-noH.pdb,27.9790
mol57,rec_2_mol57.sdf,rec_final_2-noH.pdb,26.9160
mol57,rec_19_mol57.sdf,rec_final_19-noH.pdb,26.7686
mol57,rec_16_mol57.sdf,rec_final_16-noH.pdb,26.3405
mol57,rec_9_mol57.sdf,rec_final_9-noH.pdb,26.2336
mol57,rec_5_mol57.sdf,rec_final_5-noH.pdb,26.1056
mol57,rec_4_mol57.sdf,rec_final_4-noH.pdb,23.8042
mol57,rec_12_mol57.sdf,rec_final_12-noH.pdb,23.3413
mol57,rec_11_mol57.sdf,rec_final_11-noH.pdb,23.0122
mol57,rec_18_mol57.sdf,rec_final_18-noH.pdb,22.8043
mol57,rec_15_mol57.sdf,rec_final_15-noH.pdb,22.3002
mol57,rec_6_mol57.sdf,rec_final_6-noH.pdb,20.8115
mol57,rec_7_mol57.sdf,rec_final_7-noH.pdb,20.4699
mol58,rec_18_mol58.sdf,rec_final_18-noH.pdb,25.5326
mol58,rec_5_mol58.sdf,rec_final_5-noH.pdb,22.7890
mol58,rec_4_mol58.sdf,rec_final_4-noH.pdb,22.5292
mol58,rec_12_mol58.sdf,rec_final_12-noH.pdb,22.4715
mol58,rec_14_mol58.sdf,rec_final_14-noH.pdb,21.7905
mol58,rec_2_mol58.sdf,rec_final_2-noH.pdb,21.7297
mol58,rec_15_mol58.sdf,rec_final_15-noH.pdb,21.3368
mol58,rec_19_mol58.sdf,rec_final_19-noH.pdb,21.2188
mol58,rec_16_mol58.sdf,rec_final_16-noH.pdb,20.7131
mol58,rec_1_mol58.sdf,rec_final_1-noH.pdb,20.3783
mol58,rec_6_mol58.sdf,rec_final_6-noH.pdb,20.1631
mol58,rec_11_mol58.sdf,rec_final_11-noH.pdb,19.5262
mol58,rec_7_mol58.sdf,rec_final_7-noH.pdb,19.2782
mol59,rec_5_mol59.sdf,rec_final_5-noH.pdb,23.1196
mol59,rec_2_mol59.sdf,rec_final_2-noH.pdb,22.7931
mol59,rec_12_mol59.sdf,rec_final_12-noH.pdb,22.6723
mol59,rec_4_mol59.sdf,rec_final_4-noH.pdb,22.5882
mol59,rec_19_mol59.sdf,rec_final_19-noH.pdb,21.7097
mol59,rec_11_mol59.sdf,rec_final_11-noH.pdb,21.0178
mol59,rec_6_mol59.sdf,rec_final_6-noH.pdb,20.4785
mol59,rec_15_mol59.sdf,rec_final_15-noH.pdb,20.4360
mol59,rec_16_mol59.sdf,rec_final_16-noH.pdb,20.2610
mol59,rec_18_mol59.sdf,rec_final_18-noH.pdb,20.2115
mol59,rec_14_mol59.sdf,rec_final_14-noH.pdb,19.7355
mol59,rec_1_mol59.sdf,rec_final_1-noH.pdb,19.1984
mol59,rec_7_mol59.sdf,rec_final_7-noH.pdb,18.9724
mol59,rec_9_mol59.sdf,rec_final_9-noH.pdb,17.0581
mol60,rec_13_mol60.sdf,rec_final_13-noH.pdb,18.0199
mol60,rec_9_mol60.sdf,rec_final_9-noH.pdb,17.1688
mol60,rec_5_mol60.sdf,rec_final_5-noH.pdb,17.1062
mol60,rec_18_mol60.sdf,rec_final_18-noH.pdb,17.0482
mol60,rec_11_mol60.sdf,rec_final_11-noH.pdb,16.8222
mol60,rec_6_mol60.sdf,rec_final_6-noH.pdb,16.6118
mol60,rec_12_mol60.sdf,rec_final_12-noH.pdb,16.4329
mol60,rec_2_mol60.sdf,rec_final_2-noH.pdb,15.8999
mol60,rec_19_mol60.sdf,rec_final_19-noH.pdb,15.4739
mol60,rec_16_mol60.sdf,rec_final_16-noH.pdb,15.4212
mol60,rec_7_mol60.sdf,rec_final_7-noH.pdb,14.5417
mol60,rec_14_mol60.sdf,rec_final_14-noH.pdb,14.2678
mol60,rec_20_mol60.sdf,rec_final_20-noH.pdb,14.2126
mol60,rec_1_mol60.sdf,rec_final_1-noH.pdb,13.4371
mol60,rec_4_mol60.sdf,rec_final_4-noH.pdb,12.8253
mol60,rec_15_mol60.sdf,rec_final_15-noH.pdb,11.8432
mol61,rec_5_mol61.sdf,rec_final_5-noH.pdb,27.3124
mol61,rec_7_mol61.sdf,rec_final_7-noH.pdb,26.9487
mol61,rec_2_mol61.sdf,rec_final_2-noH.pdb,26.3983
mol61,rec_20_mol61.sdf,rec_final_20-noH.pdb,25.7166
mol61,rec_12_mol61.sdf,rec_final_12-noH.pdb,25.4193
mol61,rec_11_mol61.sdf,rec_final_11-noH.pdb,25.2994
mol61,rec_15_mol61.sdf,rec_final_15-noH.pdb,24.1538
mol61,rec_19_mol61.sdf,rec_final_19-noH.pdb,23.8613
mol61,rec_4_mol61.sdf,rec_final_4-noH.pdb,23.6330
mol61,rec_16_mol61.sdf,rec_final_16-noH.pdb,23.3095
mol61,rec_14_mol61.sdf,rec_final_14-noH.pdb,22.1655
mol61,rec_6_mol61.sdf,rec_final_6-noH.pdb,20.5658
mol61,rec_18_mol61.sdf,rec_final_18-noH.pdb,20.3304
mol61,rec_1_mol61.sdf,rec_final_1-noH.pdb,20.1665
mol62,rec_6_mol62.sdf,rec_final_6-noH.pdb,26.7830
mol62,rec_14_mol62.sdf,rec_final_14-noH.pdb,25.4274
mol62,rec_20_mol62.sdf,rec_final_20-noH.pdb,23.7177
mol62,rec_12_mol62.sdf,rec_final_12-noH.pdb,22.0529
mol62,rec_5_mol62.sdf,rec_final_5-noH.pdb,21.9954
mol62,rec_8_mol62.sdf,rec_final_8-noH.pdb,21.7174
mol62,rec_2_mol62.sdf,rec_final_2-noH.pdb,20.9612
mol62,rec_19_mol62.sdf,rec_final_19-noH.pdb,20.7819
mol62,rec_4_mol62.sdf,rec_final_4-noH.pdb,20.5736
mol62,rec_15_mol62.sdf,rec_final_15-noH.pdb,20.5302
mol62,rec_9_mol62.sdf,rec_final_9-noH.pdb,20.4034
mol62,rec_18_mol62.sdf,rec_final_18-noH.pdb,20.0194
mol62,rec_11_mol62.sdf,rec_final_11-noH.pdb,19.0359
mol62,rec_7_mol62.sdf,rec_final_7-noH.pdb,18.7357
mol62,rec_16_mol62.sdf,rec_final_16-noH.pdb,18.5921
mol62,rec_13_mol62.sdf,rec_final_13-noH.pdb,18.5651
mol62,rec_1_mol62.sdf,rec_final_1-noH.pdb,18.5592
mol63,rec_14_mol63.sdf,rec_final_14-noH.pdb,27.6322
mol63,rec_5_mol63.sdf,rec_final_5-noH.pdb,25.6360
mol63,rec_6_mol63.sdf,rec_final_6-noH.pdb,25.4194
mol63,rec_12_mol63.sdf,rec_final_12-noH.pdb,25.1432
mol63,rec_16_mol63.sdf,rec_final_16-noH.pdb,24.4565
mol63,rec_11_mol63.sdf,rec_final_11-noH.pdb,23.2983
mol63,rec_7_mol63.sdf,rec_final_7-noH.pdb,22.9196
mol63,rec_4_mol63.sdf,rec_final_4-noH.pdb,21.5443
mol63,rec_1_mol63.sdf,rec_final_1-noH.pdb,20.5705
mol63,rec_19_mol63.sdf,rec_final_19-noH.pdb,20.0026
mol63,rec_2_mol63.sdf,rec_final_2-noH.pdb,19.6352
mol63,rec_15_mol63.sdf,rec_final_15-noH.pdb,19.3523
mol63,rec_18_mol63.sdf,rec_final_18-noH.pdb,17.6917
mol64,rec_20_mol64.sdf,rec_final_20-noH.pdb,22.0645
mol64,rec_14_mol64.sdf,rec_final_14-noH.pdb,21.8578
mol64,rec_16_mol64.sdf,rec_final_16-noH.pdb,21.3159
mol64,rec_4_mol64.sdf,rec_final_4-noH.pdb,20.5642
mol64,rec_5_mol64.sdf,rec_final_5-noH.pdb,20.2668
mol64,rec_12_mol64.sdf,rec_final_12-noH.pdb,20.2121
mol64,rec_11_mol64.sdf,rec_final_11-noH.pdb,20.0842
mol64,rec_1_mol64.sdf,rec_final_1-noH.pdb,19.9858
mol64,rec_2_mol64.sdf,rec_final_2-noH.pdb,19.3475
mol64,rec_19_mol64.sdf,rec_final_19-noH.pdb,19.2287
mol64,rec_15_mol64.sdf,rec_final_15-noH.pdb,19.2129
mol64,rec_18_mol64.sdf,rec_final_18-noH.pdb,19.1012
mol64,rec_6_mol64.sdf,rec_final_6-noH.pdb,19.0306
mol64,rec_13_mol64.sdf,rec_final_13-noH.pdb,18.4826
mol64,rec_9_mol64.sdf,rec_final_9-noH.pdb,18.0668
mol64,rec_7_mol64.sdf,rec_final_7-noH.pdb,16.1267
mol65,rec_20_mol65.sdf,rec_final_20-noH.pdb,25.1361
mol65,rec_12_mol65.sdf,rec_final_12-noH.pdb,21.2009
mol65,rec_13_mol65.sdf,rec_final_13-noH.pdb,21.1194
mol65,rec_6_mol65.sdf,rec_final_6-noH.pdb,21.0650
mol65,rec_5_mol65.sdf,rec_final_5-noH.pdb,20.3824
mol65,rec_19_mol65.sdf,rec_final_19-noH.pdb,20.2478
mol65,rec_14_mol65.sdf,rec_final_14-noH.pdb,20.1311
mol65,rec_9_mol65.sdf,rec_final_9-noH.pdb,19.6838
mol65,rec_2_mol65.sdf,rec_final_2-noH.pdb,19.0973
mol65,rec_16_mol65.sdf,rec_final_16-noH.pdb,18.5200
mol65,rec_18_mol65.sdf,rec_final_18-noH.pdb,17.6832
mol65,rec_7_mol65.sdf,rec_final_7-noH.pdb,17.0256
mol65,rec_1_mol65.sdf,rec_final_1-noH.pdb,17.0012
mol65,rec_4_mol65.sdf,rec_final_4-noH.pdb,15.4247
mol66,rec_14_mol66.sdf,rec_final_14-noH.pdb,22.7548
mol66,rec_15_mol66.sdf,rec_final_15-noH.pdb,19.8541
mol66,rec_7_mol66.sdf,rec_final_7-noH.pdb,19.1133
mol66,rec_1_mol66.sdf,rec_final_1-noH.pdb,16.8249
mol66,rec_20_mol66.sdf,rec_final_20-noH.pdb,14.6407
mol66,rec_19_mol66.sdf,rec_final_19-noH.pdb,13.9564
mol66,rec_12_mol66.sdf,rec_final_12-noH.pdb,13.9252
mol66,rec_18_mol66.sdf,rec_final_18-noH.pdb,13.9125
mol66,rec_16_mol66.sdf,rec_final_16-noH.pdb,13.1445
mol66,rec_13_mol66.sdf,rec_final_13-noH.pdb,13.0876
mol66,rec_5_mol66.sdf,rec_final_5-noH.pdb,12.9872
mol66,rec_11_mol66.sdf,rec_final_11-noH.pdb,12.6240
mol66,rec_4_mol66.sdf,rec_final_4-noH.pdb,12.2920
mol66,rec_2_mol66.sdf,rec_final_2-noH.pdb,11.8998
mol66,rec_6_mol66.sdf,rec_final_6-noH.pdb,11.2466
mol66,rec_9_mol66.sdf,rec_final_9-noH.pdb,10.8998
mol67,rec_16_mol67.sdf,rec_final_16-noH.pdb,26.1118
mol67,rec_14_mol67.sdf,rec_final_14-noH.pdb,24.5315
mol67,rec_6_mol67.sdf,rec_final_6-noH.pdb,24.0888
mol67,rec_9_mol67.sdf,rec_final_9-noH.pdb,23.3820
mol67,rec_4_mol67.sdf,rec_final_4-noH.pdb,23.1110
mol67,rec_12_mol67.sdf,rec_final_12-noH.pdb,22.7339
mol67,rec_20_mol67.sdf,rec_final_20-noH.pdb,22.6313
mol67,rec_2_mol67.sdf,rec_final_2-noH.pdb,22.6194
mol67,rec_5_mol67.sdf,rec_final_5-noH.pdb,22.0493
mol67,rec_11_mol67.sdf,rec_final_11-noH.pdb,21.9235
mol67,rec_7_mol67.sdf,rec_final_7-noH.pdb,20.7354
mol67,rec_18_mol67.sdf,rec_final_18-noH.pdb,20.5747
mol67,rec_15_mol67.sdf,rec_final_15-noH.pdb,20.4734
mol67,rec_19_mol67.sdf,rec_final_19-noH.pdb,20.3364
mol67,rec_1_mol67.sdf,rec_final_1-noH.pdb,18.6432
mol68,rec_14_mol68.sdf,rec_final_14-noH.pdb,27.6110
mol68,rec_19_mol68.sdf,rec_final_19-noH.pdb,24.1111
mol68,rec_16_mol68.sdf,rec_final_16-noH.pdb,22.4356
mol68,rec_6_mol68.sdf,rec_final_6-noH.pdb,22.3241
mol68,rec_20_mol68.sdf,rec_final_20-noH.pdb,21.8623
mol68,rec_4_mol68.sdf,rec_final_4-noH.pdb,21.8193
mol68,rec_12_mol68.sdf,rec_final_12-noH.pdb,21.5463
mol68,rec_5_mol68.sdf,rec_final_5-noH.pdb,21.1757
mol68,rec_13_mol68.sdf,rec_final_13-noH.pdb,20.5610
mol68,rec_2_mol68.sdf,rec_final_2-noH.pdb,20.4924
mol68,rec_15_mol68.sdf,rec_final_15-noH.pdb,20.2108
mol68,rec_11_mol68.sdf,rec_final_11-noH.pdb,19.9868
mol68,rec_18_mol68.sdf,rec_final_18-noH.pdb,19.4342
mol68,rec_1_mol68.sdf,rec_final_1-noH.pdb,19.0773
mol68,rec_7_mol68.sdf,rec_final_7-noH.pdb,18.2313
mol69,rec_18_mol69.sdf,rec_final_18-noH.pdb,21.8257
mol69,rec_12_mol69.sdf,rec_final_12-noH.pdb,21.4180
mol69,rec_1_mol69.sdf,rec_final_1-noH.pdb,20.3705
mol69,rec_13_mol69.sdf,rec_final_13-noH.pdb,20.2903
mol69,rec_2_mol69.sdf,rec_final_2-noH.pdb,19.3719
mol69,rec_7_mol69.sdf,rec_final_7-noH.pdb,18.4910
mol69,rec_14_mol69.sdf,rec_final_14-noH.pdb,18.1198
mol69,rec_16_mol69.sdf,rec_final_16-noH.pdb,17.9497
mol69,rec_20_mol69.sdf,rec_final_20-noH.pdb,17.5557
mol69,rec_11_mol69.sdf,rec_final_11-noH.pdb,17.3861
mol69,rec_6_mol69.sdf,rec_final_6-noH.pdb,17.1123
mol69,rec_19_mol69.sdf,rec_final_19-noH.pdb,16.8404
mol69,rec_4_mol69.sdf,rec_final_4-noH.pdb,16.8145
mol69,rec_9_mol69.sdf,rec_final_9-noH.pdb,16.1353
mol69,rec_5_mol69.sdf,rec_final_5-noH.pdb,16.0832
mol69,rec_15_mol69.sdf,rec_final_15-noH.pdb,16.0043
mol70,rec_14_mol70.sdf,rec_final_14-noH.pdb,29.4023
mol70,rec_7_mol70.sdf,rec_final_7-noH.pdb,21.7088
mol70,rec_12_mol70.sdf,rec_final_12-noH.pdb,21.6311
mol70,rec_16_mol70.sdf,rec_final_16-noH.pdb,21.4708
mol70,rec_4_mol70.sdf,rec_final_4-noH.pdb,21.4282
mol70,rec_19_mol70.sdf,rec_final_19-noH.pdb,21.3399
mol70,rec_5_mol70.sdf,rec_final_5-noH.pdb,21.2370
mol70,rec_20_mol70.sdf,rec_final_20-noH.pdb,21.2358
mol70,rec_6_mol70.sdf,rec_final_6-noH.pdb,21.0792
mol70,rec_18_mol70.sdf,rec_final_18-noH.pdb,20.9556
mol70,rec_15_mol70.sdf,rec_final_15-noH.pdb,20.1023
mol70,rec_1_mol70.sdf,rec_final_1-noH.pdb,19.9341
mol70,rec_11_mol70.sdf,rec_final_11-noH.pdb,19.4801
mol70,rec_2_mol70.sdf,rec_final_2-noH.pdb,19.3880
mol71,rec_20_mol71.sdf,rec_final_20-noH.pdb,23.0276
mol71,rec_6_mol71.sdf,rec_final_6-noH.pdb,22.1646
mol71,rec_1_mol71.sdf,rec_final_1-noH.pdb,22.1116
mol71,rec_4_mol71.sdf,rec_final_4-noH.pdb,22.1001
mol71,rec_12_mol71.sdf,rec_final_12-noH.pdb,21.8541
mol71,rec_13_mol71.sdf,rec_final_13-noH.pdb,21.0732
mol71,rec_19_mol71.sdf,rec_final_19-noH.pdb,20.9993
mol71,rec_5_mol71.sdf,rec_final_5-noH.pdb,20.9315
mol71,rec_16_mol71.sdf,rec_final_16-noH.pdb,20.1892
mol71,rec_11_mol71.sdf,rec_final_11-noH.pdb,20.0109
mol71,rec_7_mol71.sdf,rec_final_7-noH.pdb,19.0772
mol71,rec_18_mol71.sdf,rec_final_18-noH.pdb,18.8198
mol71,rec_15_mol71.sdf,rec_final_15-noH.pdb,18.7907
mol71,rec_14_mol71.sdf,rec_final_14-noH.pdb,18.3725
mol71,rec_2_mol71.sdf,rec_final_2-noH.pdb,17.2355
mol72,rec_20_mol72.sdf,rec_final_20-noH.pdb,23.4479
mol72,rec_2_mol72.sdf,rec_final_2-noH.pdb,23.0177
mol72,rec_9_mol72.sdf,rec_final_9-noH.pdb,21.9907
mol72,rec_6_mol72.sdf,rec_final_6-noH.pdb,21.5258
mol72,rec_11_mol72.sdf,rec_final_11-noH.pdb,21.3990
mol72,rec_4_mol72.sdf,rec_final_4-noH.pdb,21.2267
mol72,rec_5_mol72.sdf,rec_final_5-noH.pdb,21.1666
mol72,rec_13_mol72.sdf,rec_final_13-noH.pdb,21.1083
mol72,rec_14_mol72.sdf,rec_final_14-noH.pdb,20.5320
mol72,rec_19_mol72.sdf,rec_final_19-noH.pdb,20.3793
mol72,rec_18_mol72.sdf,rec_final_18-noH.pdb,20.3713
mol72,rec_15_mol72.sdf,rec_final_15-noH.pdb,20.3082
mol72,rec_16_mol72.sdf,rec_final_16-noH.pdb,20.2462
mol72,rec_1_mol72.sdf,rec_final_1-noH.pdb,20.1950
mol72,rec_12_mol72.sdf,rec_final_12-noH.pdb,19.9608
mol72,rec_7_mol72.sdf,rec_final_7-noH.pdb,15.7701
mol72,rec_8_mol72.sdf,rec_final_8-noH.pdb,13.8144
mol73,rec_20_mol73.sdf,rec_final_20-noH.pdb,21.4940
mol73,rec_7_mol73.sdf,rec_final_7-noH.pdb,20.9406
mol73,rec_14_mol73.sdf,rec_final_14-noH.pdb,20.9194
mol73,rec_4_mol73.sdf,rec_final_4-noH.pdb,20.4984
mol73,rec_15_mol73.sdf,rec_final_15-noH.pdb,19.5815
mol73,rec_19_mol73.sdf,rec_final_19-noH.pdb,19.1922
mol73,rec_9_mol73.sdf,rec_final_9-noH.pdb,18.8243
mol73,rec_5_mol73.sdf,rec_final_5-noH.pdb,18.2543
mol73,rec_6_mol73.sdf,rec_final_6-noH.pdb,18.1895
mol73,rec_12_mol73.sdf,rec_final_12-noH.pdb,18.1454
mol73,rec_18_mol73.sdf,rec_final_18-noH.pdb,18.0314
mol73,rec_2_mol73.sdf,rec_final_2-noH.pdb,17.3403
mol73,rec_13_mol73.sdf,rec_final_13-noH.pdb,17.1984
mol73,rec_16_mol73.sdf,rec_final_16-noH.pdb,17.1163
mol73,rec_1_mol73.sdf,rec_final_1-noH.pdb,16.8725
mol73,rec_11_mol73.sdf,rec_final_11-noH.pdb,15.2921
mol74,rec_20_mol74.sdf,rec_final_20-noH.pdb,23.1996
mol74,rec_5_mol74.sdf,rec_final_5-noH.pdb,22.1040
mol74,rec_14_mol74.sdf,rec_final_14-noH.pdb,21.2883
mol74,rec_12_mol74.sdf,rec_final_12-noH.pdb,21.2682
mol74,rec_4_mol74.sdf,rec_final_4-noH.pdb,21.1361
mol74,rec_16_mol74.sdf,rec_final_16-noH.pdb,20.7310
mol74,rec_2_mol74.sdf,rec_final_2-noH.pdb,20.6387
mol74,rec_15_mol74.sdf,rec_final_15-noH.pdb,20.5903
mol74,rec_6_mol74.sdf,rec_final_6-noH.pdb,20.5540
mol74,rec_19_mol74.sdf,rec_final_19-noH.pdb,20.0871
mol74,rec_11_mol74.sdf,rec_final_11-noH.pdb,19.8979
mol74,rec_18_mol74.sdf,rec_final_18-noH.pdb,19.6044
mol74,rec_13_mol74.sdf,rec_final_13-noH.pdb,19.3948
mol74,rec_1_mol74.sdf,rec_final_1-noH.pdb,18.7100
mol74,rec_7_mol74.sdf,rec_final_7-noH.pdb,17.7734
mol75,rec_15_mol75.sdf,rec_final_15-noH.pdb,24.4915
mol75,rec_18_mol75.sdf,rec_final_18-noH.pdb,23.7349
mol75,rec_19_mol75.sdf,rec_final_19-noH.pdb,23.5258
mol75,rec_6_mol75.sdf,rec_final_6-noH.pdb,23.3914
mol75,rec_5_mol75.sdf,rec_final_5-noH.pdb,23.2248
mol75,rec_20_mol75.sdf,rec_final_20-noH.pdb,22.9842
mol75,rec_16_mol75.sdf,rec_final_16-noH.pdb,22.8928
mol75,rec_11_mol75.sdf,rec_final_11-noH.pdb,21.4015
mol75,rec_4_mol75.sdf,rec_final_4-noH.pdb,19.8818
mol75,rec_7_mol75.sdf,rec_final_7-noH.pdb,19.4110
mol75,rec_12_mol75.sdf,rec_final_12-noH.pdb,18.6420
mol75,rec_14_mol75.sdf,rec_final_14-noH.pdb,18.2236
mol75,rec_2_mol75.sdf,rec_final_2-noH.pdb,17.4412
mol76,rec_20_mol76.sdf,rec_final_20-noH.pdb,23.1922
mol76,rec_4_mol76.sdf,rec_final_4-noH.pdb,20.8118
mol76,rec_12_mol76.sdf,rec_final_12-noH.pdb,20.3785
mol76,rec_16_mol76.sdf,rec_final_16-noH.pdb,20.2408
mol76,rec_5_mol76.sdf,rec_final_5-noH.pdb,20.0269
mol76,rec_11_mol76.sdf,rec_final_11-noH.pdb,19.9787
mol76,rec_14_mol76.sdf,rec_final_14-noH.pdb,19.9612
mol76,rec_15_mol76.sdf,rec_final_15-noH.pdb,19.2199
mol76,rec_2_mol76.sdf,rec_final_2-noH.pdb,19.1389
mol76,rec_19_mol76.sdf,rec_final_19-noH.pdb,18.7230
mol76,rec_6_mol76.sdf,rec_final_6-noH.pdb,18.5069
mol76,rec_13_mol76.sdf,rec_final_13-noH.pdb,18.0699
mol76,rec_7_mol76.sdf,rec_final_7-noH.pdb,17.9185
mol76,rec_18_mol76.sdf,rec_final_18-noH.pdb,17.5708
mol76,rec_9_mol76.sdf,rec_final_9-noH.pdb,17.4888
mol76,rec_1_mol76.sdf,rec_final_1-noH.pdb,16.2375
mol77,rec_12_mol77.sdf,rec_final_12-noH.pdb,20.7248
mol77,rec_16_mol77.sdf,rec_final_16-noH.pdb,20.6269
mol77,rec_11_mol77.sdf,rec_final_11-noH.pdb,20.4947
mol77,rec_14_mol77.sdf,rec_final_14-noH.pdb,20.3639
mol77,rec_4_mol77.sdf,rec_final_4-noH.pdb,20.2307
mol77,rec_20_mol77.sdf,rec_final_20-noH.pdb,19.4392
mol77,rec_6_mol77.sdf,rec_final_6-noH.pdb,19.0011
mol77,rec_18_mol77.sdf,rec_final_18-noH.pdb,18.6984
mol77,rec_5_mol77.sdf,rec_final_5-noH.pdb,18.6935
mol77,rec_9_mol77.sdf,rec_final_9-noH.pdb,18.5534
mol77,rec_19_mol77.sdf,rec_final_19-noH.pdb,18.3754
mol77,rec_15_mol77.sdf,rec_final_15-noH.pdb,17.1502
mol77,rec_2_mol77.sdf,rec_final_2-noH.pdb,16.9914
mol77,rec_7_mol77.sdf,rec_final_7-noH.pdb,16.3970
mol77,rec_13_mol77.sdf,rec_final_13-noH.pdb,14.8925
mol79,rec_14_mol79.sdf,rec_final_14-noH.pdb,16.8099
mol79,rec_2_mol79.sdf,rec_final_2-noH.pdb,16.0595
mol79,rec_5_mol79.sdf,rec_final_5-noH.pdb,15.1547
mol79,rec_15_mol79.sdf,rec_final_15-noH.pdb,15.1152
mol79,rec_18_mol79.sdf,rec_final_18-noH.pdb,14.6185
mol79,rec_11_mol79.sdf,rec_final_11-noH.pdb,14.4873
mol79,rec_13_mol79.sdf,rec_final_13-noH.pdb,13.9620
mol79,rec_9_mol79.sdf,rec_final_9-noH.pdb,13.1358
mol79,rec_6_mol79.sdf,rec_final_6-noH.pdb,12.9818
mol79,rec_16_mol79.sdf,rec_final_16-noH.pdb,12.6056
mol79,rec_20_mol79.sdf,rec_final_20-noH.pdb,12.4243
mol79,rec_12_mol79.sdf,rec_final_12-noH.pdb,12.2186
mol79,rec_7_mol79.sdf,rec_final_7-noH.pdb,11.7154
mol79,rec_1_mol79.sdf,rec_final_1-noH.pdb,11.2995
mol79,rec_19_mol79.sdf,rec_final_19-noH.pdb,10.8098
mol79,rec_4_mol79.sdf,rec_final_4-noH.pdb,10.6311
mol80,rec_20_mol80.sdf,rec_final_20-noH.pdb,25.4810
mol80,rec_7_mol80.sdf,rec_final_7-noH.pdb,23.9895
mol80,rec_6_mol80.sdf,rec_final_6-noH.pdb,22.3360
mol80,rec_1_mol80.sdf,rec_final_1-noH.pdb,21.8155
mol80,rec_12_mol80.sdf,rec_final_12-noH.pdb,21.7699
mol80,rec_13_mol80.sdf,rec_final_13-noH.pdb,21.5200
mol80,rec_2_mol80.sdf,rec_final_2-noH.pdb,21.2504
mol80,rec_19_mol80.sdf,rec_final_19-noH.pdb,21.0578
mol80,rec_11_mol80.sdf,rec_final_11-noH.pdb,20.8826
mol80,rec_16_mol80.sdf,rec_final_16-noH.pdb,20.5911
mol80,rec_9_mol80.sdf,rec_final_9-noH.pdb,20.2802
mol80,rec_4_mol80.sdf,rec_final_4-noH.pdb,20.0272
mol80,rec_5_mol80.sdf,rec_final_5-noH.pdb,19.8080
mol80,rec_18_mol80.sdf,rec_final_18-noH.pdb,19.6323
mol80,rec_15_mol80.sdf,rec_final_15-noH.pdb,19.0705
mol80,rec_14_mol80.sdf,rec_final_14-noH.pdb,18.5979
mol81,rec_16_mol81.sdf,rec_final_16-noH.pdb,22.8042
mol81,rec_12_mol81.sdf,rec_final_12-noH.pdb,21.5559
mol81,rec_4_mol81.sdf,rec_final_4-noH.pdb,21.4545
mol81,rec_5_mol81.sdf,rec_final_5-noH.pdb,21.3080
mol81,rec_19_mol81.sdf,rec_final_19-noH.pdb,20.9179
mol81,rec_6_mol81.sdf,rec_final_6-noH.pdb,20.5811
mol81,rec_13_mol81.sdf,rec_final_13-noH.pdb,20.5784
mol81,rec_15_mol81.sdf,rec_final_15-noH.pdb,20.4706
mol81,rec_2_mol81.sdf,rec_final_2-noH.pdb,20.3312
mol81,rec_1_mol81.sdf,rec_final_1-noH.pdb,19.7234
mol81,rec_18_mol81.sdf,rec_final_18-noH.pdb,19.7027
mol81,rec_7_mol81.sdf,rec_final_7-noH.pdb,18.9864
mol81,rec_14_mol81.sdf,rec_final_14-noH.pdb,18.9035
mol81,rec_11_mol81.sdf,rec_final_11-noH.pdb,18.5705
mol82,rec_14_mol82.sdf,rec_final_14-noH.pdb,23.8245
mol82,rec_20_mol82.sdf,rec_final_20-noH.pdb,22.5371
mol82,rec_4_mol82.sdf,rec_final_4-noH.pdb,22.5185
mol82,rec_16_mol82.sdf,rec_final_16-noH.pdb,21.8947
mol82,rec_12_mol82.sdf,rec_final_12-noH.pdb,21.4004
mol82,rec_5_mol82.sdf,rec_final_5-noH.pdb,21.0751
mol82,rec_2_mol82.sdf,rec_final_2-noH.pdb,20.7874
mol82,rec_11_mol82.sdf,rec_final_11-noH.pdb,20.7156
mol82,rec_15_mol82.sdf,rec_final_15-noH.pdb,20.6945
mol82,rec_6_mol82.sdf,rec_final_6-noH.pdb,20.5748
mol82,rec_19_mol82.sdf,rec_final_19-noH.pdb,20.1998
mol82,rec_1_mol82.sdf,rec_final_1-noH.pdb,20.0552
mol82,rec_18_mol82.sdf,rec_final_18-noH.pdb,19.5698
mol82,rec_7_mol82.sdf,rec_final_7-noH.pdb,18.5664
mol83,rec_14_mol83.sdf,rec_final_14-noH.pdb,22.6435
mol83,rec_11_mol83.sdf,rec_final_11-noH.pdb,21.9796
mol83,rec_4_mol83.sdf,rec_final_4-noH.pdb,21.9404
mol83,rec_16_mol83.sdf,rec_final_16-noH.pdb,21.7173
mol83,rec_20_mol83.sdf,rec_final_20-noH.pdb,21.5212
mol83,rec_5_mol83.sdf,rec_final_5-noH.pdb,21.3589
mol83,rec_2_mol83.sdf,rec_final_2-noH.pdb,21.0528
mol83,rec_9_mol83.sdf,rec_final_9-noH.pdb,20.1955
mol83,rec_15_mol83.sdf,rec_final_15-noH.pdb,20.1469
mol83,rec_18_mol83.sdf,rec_final_18-noH.pdb,20.1389
mol83,rec_19_mol83.sdf,rec_final_19-noH.pdb,19.8932
mol83,rec_12_mol83.sdf,rec_final_12-noH.pdb,19.4547
mol83,rec_6_mol83.sdf,rec_final_6-noH.pdb,18.4864
mol83,rec_7_mol83.sdf,rec_final_7-noH.pdb,18.3125
mol83,rec_1_mol83.sdf,rec_final_1-noH.pdb,18.1426
mol84,rec_20_mol84.sdf,rec_final_20-noH.pdb,23.2311
mol84,rec_2_mol84.sdf,rec_final_2-noH.pdb,22.4265
mol84,rec_18_mol84.sdf,rec_final_18-noH.pdb,21.9354
mol84,rec_6_mol84.sdf,rec_final_6-noH.pdb,21.6566
mol84,rec_5_mol84.sdf,rec_final_5-noH.pdb,21.4869
mol84,rec_19_mol84.sdf,rec_final_19-noH.pdb,20.7196
mol84,rec_4_mol84.sdf,rec_final_4-noH.pdb,20.6784
mol84,rec_12_mol84.sdf,rec_final_12-noH.pdb,20.5525
mol84,rec_14_mol84.sdf,rec_final_14-noH.pdb,20.0620
mol84,rec_15_mol84.sdf,rec_final_15-noH.pdb,20.0341
mol84,rec_9_mol84.sdf,rec_final_9-noH.pdb,19.5717
mol84,rec_16_mol84.sdf,rec_final_16-noH.pdb,19.3864
mol84,rec_13_mol84.sdf,rec_final_13-noH.pdb,19.2807
mol84,rec_11_mol84.sdf,rec_final_11-noH.pdb,18.6433
mol84,rec_1_mol84.sdf,rec_final_1-noH.pdb,18.2259
mol84,rec_7_mol84.sdf,rec_final_7-noH.pdb,17.9431
mol85,rec_16_mol85.sdf,rec_final_16-noH.pdb,23.3522
mol85,rec_20_mol85.sdf,rec_final_20-noH.pdb,23.1361
mol85,rec_5_mol85.sdf,rec_final_5-noH.pdb,22.5070
mol85,rec_14_mol85.sdf,rec_final_14-noH.pdb,22.0510
mol85,rec_6_mol85.sdf,rec_final_6-noH.pdb,21.8548
mol85,rec_12_mol85.sdf,rec_final_12-noH.pdb,21.7928
mol85,rec_19_mol85.sdf,rec_final_19-noH.pdb,21.4224
mol85,rec_13_mol85.sdf,rec_final_13-noH.pdb,21.0879
mol85,rec_4_mol85.sdf,rec_final_4-noH.pdb,21.0637
mol85,rec_15_mol85.sdf,rec_final_15-noH.pdb,20.8439
mol85,rec_2_mol85.sdf,rec_final_2-noH.pdb,20.5860
mol85,rec_11_mol85.sdf,rec_final_11-noH.pdb,20.4030
mol85,rec_18_mol85.sdf,rec_final_18-noH.pdb,20.2395
mol85,rec_7_mol85.sdf,rec_final_7-noH.pdb,18.5239
mol86,rec_18_mol86.sdf,rec_final_18-noH.pdb,24.8484
mol86,rec_1_mol86.sdf,rec_final_1-noH.pdb,24.6731
mol86,rec_6_mol86.sdf,rec_final_6-noH.pdb,24.3511
mol86,rec_20_mol86.sdf,rec_final_20-noH.pdb,24.1227
mol86,rec_19_mol86.sdf,rec_final_19-noH.pdb,24.0757
mol86,rec_14_mol86.sdf,rec_final_14-noH.pdb,24.0715
mol86,rec_16_mol86.sdf,rec_final_16-noH.pdb,23.8463
mol86,rec_5_mol86.sdf,rec_final_5-noH.pdb,23.7923
mol86,rec_4_mol86.sdf,rec_final_4-noH.pdb,22.1502
mol86,rec_2_mol86.sdf,rec_final_2-noH.pdb,22.1041
mol86,rec_12_mol86.sdf,rec_final_12-noH.pdb,22.0544
mol86,rec_9_mol86.sdf,rec_final_9-noH.pdb,22.0188
mol86,rec_11_mol86.sdf,rec_final_11-noH.pdb,20.6548
mol86,rec_15_mol86.sdf,rec_final_15-noH.pdb,20.6202
mol86,rec_7_mol86.sdf,rec_final_7-noH.pdb,20.2410
mol87,rec_20_mol87.sdf,rec_final_20-noH.pdb,25.4870
mol87,rec_16_mol87.sdf,rec_final_16-noH.pdb,25.4432
mol87,rec_11_mol87.sdf,rec_final_11-noH.pdb,24.9305
mol87,rec_5_mol87.sdf,rec_final_5-noH.pdb,24.9018
mol87,rec_2_mol87.sdf,rec_final_2-noH.pdb,24.5623
mol87,rec_12_mol87.sdf,rec_final_12-noH.pdb,24.2831
mol87,rec_1_mol87.sdf,rec_final_1-noH.pdb,23.2564
mol87,rec_19_mol87.sdf,rec_final_19-noH.pdb,23.1018
mol87,rec_4_mol87.sdf,rec_final_4-noH.pdb,22.0425
mol87,rec_6_mol87.sdf,rec_final_6-noH.pdb,21.8412
mol87,rec_15_mol87.sdf,rec_final_15-noH.pdb,21.6967
mol87,rec_18_mol87.sdf,rec_final_18-noH.pdb,21.0484
mol87,rec_14_mol87.sdf,rec_final_14-noH.pdb,20.3881
mol87,rec_8_mol87.sdf,rec_final_8-noH.pdb,16.8449
mol87,rec_7_mol87.sdf,rec_final_7-noH.pdb,16.8215
mol88,rec_12_mol88.sdf,rec_final_12-noH.pdb,23.4529
mol88,rec_1_mol88.sdf,rec_final_1-noH.pdb,23.2770
mol88,rec_6_mol88.sdf,rec_final_6-noH.pdb,20.7172
mol88,rec_4_mol88.sdf,rec_final_4-noH.pdb,20.5732
mol88,rec_14_mol88.sdf,rec_final_14-noH.pdb,20.0597
mol88,rec_16_mol88.sdf,rec_final_16-noH.pdb,19.7934
mol88,rec_11_mol88.sdf,rec_final_11-noH.pdb,19.4360
mol88,rec_2_mol88.sdf,rec_final_2-noH.pdb,19.3629
mol88,rec_15_mol88.sdf,rec_final_15-noH.pdb,19.1556
mol88,rec_13_mol88.sdf,rec_final_13-noH.pdb,18.9782
mol88,rec_9_mol88.sdf,rec_final_9-noH.pdb,18.9622
mol88,rec_18_mol88.sdf,rec_final_18-noH.pdb,18.5370
mol88,rec_20_mol88.sdf,rec_final_20-noH.pdb,18.0202
mol88,rec_7_mol88.sdf,rec_final_7-noH.pdb,17.9566
mol88,rec_19_mol88.sdf,rec_final_19-noH.pdb,17.4238
mol88,rec_5_mol88.sdf,rec_final_5-noH.pdb,17.3973
mol88,rec_8_mol88.sdf,rec_final_8-noH.pdb,17.3408
mol89,rec_6_mol89.sdf,rec_final_6-noH.pdb,16.8919
mol89,rec_14_mol89.sdf,rec_final_14-noH.pdb,16.3558
mol89,rec_2_mol89.sdf,rec_final_2-noH.pdb,15.8813
mol89,rec_12_mol89.sdf,rec_final_12-noH.pdb,15.6538
mol89,rec_5_mol89.sdf,rec_final_5-noH.pdb,15.5947
mol89,rec_16_mol89.sdf,rec_final_16-noH.pdb,15.5688
mol89,rec_4_mol89.sdf,rec_final_4-noH.pdb,15.1457
mol89,rec_18_mol89.sdf,rec_final_18-noH.pdb,14.8868
mol89,rec_11_mol89.sdf,rec_final_11-noH.pdb,14.7555
mol89,rec_19_mol89.sdf,rec_final_19-noH.pdb,14.4810
mol89,rec_7_mol89.sdf,rec_final_7-noH.pdb,13.5892
mol89,rec_9_mol89.sdf,rec_final_9-noH.pdb,12.6548
mol89,rec_20_mol89.sdf,rec_final_20-noH.pdb,12.2849
mol89,rec_13_mol89.sdf,rec_final_13-noH.pdb,12.1390
mol89,rec_15_mol89.sdf,rec_final_15-noH.pdb,11.7439
mol89,rec_1_mol89.sdf,rec_final_1-noH.pdb,9.0776
mol90,rec_4_mol90.sdf,rec_final_4-noH.pdb,21.7601
mol90,rec_20_mol90.sdf,rec_final_20-noH.pdb,21.5328
mol90,rec_9_mol90.sdf,rec_final_9-noH.pdb,20.4608
mol90,rec_6_mol90.sdf,rec_final_6-noH.pdb,20.3620
mol90,rec_14_mol90.sdf,rec_final_14-noH.pdb,20.3017
mol90,rec_19_mol90.sdf,rec_final_19-noH.pdb,20.0985
mol90,rec_5_mol90.sdf,rec_final_5-noH.pdb,20.0637
mol90,rec_18_mol90.sdf,rec_final_18-noH.pdb,19.8004
mol90,rec_12_mol90.sdf,rec_final_12-noH.pdb,19.5570
mol90,rec_16_mol90.sdf,rec_final_16-noH.pdb,19.3002
mol90,rec_11_mol90.sdf,rec_final_11-noH.pdb,19.1596
mol90,rec_15_mol90.sdf,rec_final_15-noH.pdb,18.6718
mol90,rec_1_mol90.sdf,rec_final_1-noH.pdb,18.4453
mol90,rec_13_mol90.sdf,rec_final_13-noH.pdb,17.6287
mol90,rec_2_mol90.sdf,rec_final_2-noH.pdb,17.4952
mol90,rec_7_mol90.sdf,rec_final_7-noH.pdb,15.4445
mol91,rec_14_mol91.sdf,rec_final_14-noH.pdb,23.1574
mol91,rec_11_mol91.sdf,rec_final_11-noH.pdb,23.1466
mol91,rec_2_mol91.sdf,rec_final_2-noH.pdb,22.9084
mol91,rec_16_mol91.sdf,rec_final_16-noH.pdb,22.5186
mol91,rec_19_mol91.sdf,rec_final_19-noH.pdb,21.8940
mol91,rec_4_mol91.sdf,rec_final_4-noH.pdb,21.6005
mol91,rec_5_mol91.sdf,rec_final_5-noH.pdb,21.5092
mol91,rec_12_mol91.sdf,rec_final_12-noH.pdb,21.1736
mol91,rec_1_mol91.sdf,rec_final_1-noH.pdb,21.0671
mol91,rec_6_mol91.sdf,rec_final_6-noH.pdb,20.5392
mol91,rec_15_mol91.sdf,rec_final_15-noH.pdb,19.7651
mol91,rec_18_mol91.sdf,rec_final_18-noH.pdb,19.0063
mol91,rec_7_mol91.sdf,rec_final_7-noH.pdb,18.7258
mol92,rec_15_mol92.sdf,rec_final_15-noH.pdb,19.4186
mol92,rec_19_mol92.sdf,rec_final_19-noH.pdb,17.9487
mol92,rec_14_mol92.sdf,rec_final_14-noH.pdb,17.7627
mol92,rec_6_mol92.sdf,rec_final_6-noH.pdb,16.9318
mol92,rec_18_mol92.sdf,rec_final_18-noH.pdb,16.8332
mol92,rec_7_mol92.sdf,rec_final_7-noH.pdb,16.3080
mol92,rec_12_mol92.sdf,rec_final_12-noH.pdb,15.9555
mol92,rec_16_mol92.sdf,rec_final_16-noH.pdb,15.8774
mol92,rec_2_mol92.sdf,rec_final_2-noH.pdb,15.8753
mol92,rec_20_mol92.sdf,rec_final_20-noH.pdb,15.5580
mol92,rec_5_mol92.sdf,rec_final_5-noH.pdb,15.3225
mol92,rec_9_mol92.sdf,rec_final_9-noH.pdb,15.3081
mol92,rec_13_mol92.sdf,rec_final_13-noH.pdb,15.2716
mol92,rec_4_mol92.sdf,rec_final_4-noH.pdb,15.1551
mol92,rec_11_mol92.sdf,rec_final_11-noH.pdb,14.5970
mol93,rec_16_mol93.sdf,rec_final_16-noH.pdb,22.0478
mol93,rec_5_mol93.sdf,rec_final_5-noH.pdb,21.7186
mol93,rec_20_mol93.sdf,rec_final_20-noH.pdb,21.3945
mol93,rec_4_mol93.sdf,rec_final_4-noH.pdb,21.0142
mol93,rec_12_mol93.sdf,rec_final_12-noH.pdb,20.7645
mol93,rec_19_mol93.sdf,rec_final_19-noH.pdb,20.1295
mol93,rec_2_mol93.sdf,rec_final_2-noH.pdb,20.0252
mol93,rec_15_mol93.sdf,rec_final_15-noH.pdb,19.6643
mol93,rec_14_mol93.sdf,rec_final_14-noH.pdb,19.4464
mol93,rec_6_mol93.sdf,rec_final_6-noH.pdb,19.0290
mol93,rec_7_mol93.sdf,rec_final_7-noH.pdb,17.5668
mol93,rec_13_mol93.sdf,rec_final_13-noH.pdb,17.3741
mol93,rec_18_mol93.sdf,rec_final_18-noH.pdb,17.2525
mol93,rec_1_mol93.sdf,rec_final_1-noH.pdb,16.8324
mol93,rec_9_mol93.sdf,rec_final_9-noH.pdb,16.7827
mol93,rec_11_mol93.sdf,rec_final_11-noH.pdb,16.2191
mol94,rec_5_mol94.sdf,rec_final_5-noH.pdb,26.7933
mol94,rec_13_mol94.sdf,rec_final_13-noH.pdb,25.4085
mol94,rec_20_mol94.sdf,rec_final_20-noH.pdb,25.2011
mol94,rec_9_mol94.sdf,rec_final_9-noH.pdb,24.7586
mol94,rec_12_mol94.sdf,rec_final_12-noH.pdb,24.5521
mol94,rec_15_mol94.sdf,rec_final_15-noH.pdb,23.5331
mol94,rec_11_mol94.sdf,rec_final_11-noH.pdb,22.5009
mol94,rec_14_mol94.sdf,rec_final_14-noH.pdb,22.2274
mol94,rec_2_mol94.sdf,rec_final_2-noH.pdb,21.9948
mol94,rec_18_mol94.sdf,rec_final_18-noH.pdb,21.9717
mol94,rec_4_mol94.sdf,rec_final_4-noH.pdb,21.1620
mol94,rec_6_mol94.sdf,rec_final_6-noH.pdb,21.1593
mol94,rec_7_mol94.sdf,rec_final_7-noH.pdb,19.4213
mol94,rec_19_mol94.sdf,rec_final_19-noH.pdb,18.6956
mol94,rec_16_mol94.sdf,rec_final_16-noH.pdb,17.5858
mol95,rec_5_mol95.sdf,rec_final_5-noH.pdb,24.3362
mol95,rec_14_mol95.sdf,rec_final_14-noH.pdb,23.9161
mol95,rec_2_mol95.sdf,rec_final_2-noH.pdb,23.3599
mol95,rec_9_mol95.sdf,rec_final_9-noH.pdb,23.1924
mol95,rec_16_mol95.sdf,rec_final_16-noH.pdb,23.1006
mol95,rec_20_mol95.sdf,rec_final_20-noH.pdb,22.4894
mol95,rec_11_mol95.sdf,rec_final_11-noH.pdb,22.4268
mol95,rec_4_mol95.sdf,rec_final_4-noH.pdb,22.2392
mol95,rec_6_mol95.sdf,rec_final_6-noH.pdb,22.0540
mol95,rec_18_mol95.sdf,rec_final_18-noH.pdb,21.6669
mol95,rec_1_mol95.sdf,rec_final_1-noH.pdb,21.3040
mol95,rec_15_mol95.sdf,rec_final_15-noH.pdb,21.1471
mol95,rec_19_mol95.sdf,rec_final_19-noH.pdb,21.0498
mol95,rec_12_mol95.sdf,rec_final_12-noH.pdb,20.9668
mol95,rec_7_mol95.sdf,rec_final_7-noH.pdb,18.8573
mol96,rec_5_mol96.sdf,rec_final_5-noH.pdb,17.4602
mol96,rec_16_mol96.sdf,rec_final_16-noH.pdb,16.1372
mol96,rec_12_mol96.sdf,rec_final_12-noH.pdb,16.0150
mol96,rec_6_mol96.sdf,rec_final_6-noH.pdb,15.7212
mol96,rec_9_mol96.sdf,rec_final_9-noH.pdb,15.7164
mol96,rec_2_mol96.sdf,rec_final_2-noH.pdb,15.6931
mol96,rec_15_mol96.sdf,rec_final_15-noH.pdb,14.7617
mol96,rec_7_mol96.sdf,rec_final_7-noH.pdb,14.6338
mol96,rec_13_mol96.sdf,rec_final_13-noH.pdb,14.0657
mol96,rec_20_mol96.sdf,rec_final_20-noH.pdb,13.8367
mol96,rec_11_mol96.sdf,rec_final_11-noH.pdb,12.9168
mol96,rec_14_mol96.sdf,rec_final_14-noH.pdb,10.8714
mol96,rec_4_mol96.sdf,rec_final_4-noH.pdb,10.2123
