mol_id,ligand,receptor,score
mol0,rec_17_mol0.sdf,rec_final_17-noH.pdb,25.8067
mol0,rec_16_mol0.sdf,rec_final_16-noH.pdb,25.6468
mol0,rec_20_mol0.sdf,rec_final_20-noH.pdb,25.6028
mol0,rec_2_mol0.sdf,rec_final_2-noH.pdb,25.3454
mol0,rec_9_mol0.sdf,rec_final_9-noH.pdb,25.0349
mol0,rec_19_mol0.sdf,rec_final_19-noH.pdb,24.7472
mol0,rec_13_mol0.sdf,rec_final_13-noH.pdb,24.7423
mol0,rec_3_mol0.sdf,rec_final_3-noH.pdb,24.5329
mol0,rec_6_mol0.sdf,rec_final_6-noH.pdb,24.5167
mol0,rec_7_mol0.sdf,rec_final_7-noH.pdb,24.4925
mol0,rec_8_mol0.sdf,rec_final_8-noH.pdb,24.3146
mol0,rec_14_mol0.sdf,rec_final_14-noH.pdb,23.8121
mol0,rec_15_mol0.sdf,rec_final_15-noH.pdb,23.2134
mol0,rec_11_mol0.sdf,rec_final_11-noH.pdb,23.2016
mol0,rec_18_mol0.sdf,rec_final_18-noH.pdb,23.0501
mol0,rec_4_mol0.sdf,rec_final_4-noH.pdb,23.0018
mol0,rec_10_mol0.sdf,rec_final_10-noH.pdb,22.4716
mol0,rec_12_mol0.sdf,rec_final_12-noH.pdb,22.0752
mol0,rec_5_mol0.sdf,rec_final_5-noH.pdb,22.0131
mol0,rec_1_mol0.sdf,rec_final_1-noH.pdb,19.8050
mol1,rec_17_mol1.sdf,rec_final_17-noH.pdb,26.1224
mol1,rec_20_mol1.sdf,rec_final_20-noH.pdb,25.4897
mol1,rec_19_mol1.sdf,rec_final_19-noH.pdb,25.2796
mol1,rec_8_mol1.sdf,rec_final_8-noH.pdb,25.0549
mol1,rec_2_mol1.sdf,rec_final_2-noH.pdb,24.9351
mol1,rec_13_mol1.sdf,rec_final_13-noH.pdb,24.7997
mol1,rec_11_mol1.sdf,rec_final_11-noH.pdb,24.3287
mol1,rec_7_mol1.sdf,rec_final_7-noH.pdb,24.2646
mol1,rec_12_mol1.sdf,rec_final_12-noH.pdb,24.1455
mol1,rec_6_mol1.sdf,rec_final_6-noH.pdb,23.8929
mol1,rec_18_mol1.sdf,rec_final_18-noH.pdb,23.7012
mol1,rec_16_mol1.sdf,rec_final_16-noH.pdb,23.6517
mol1,rec_3_mol1.sdf,rec_final_3-noH.pdb,23.5398
mol1,rec_14_mol1.sdf,rec_final_14-noH.pdb,23.2689
mol1,rec_9_mol1.sdf,rec_final_9-noH.pdb,23.0395
mol1,rec_5_mol1.sdf,rec_final_5-noH.pdb,22.9677
mol1,rec_4_mol1.sdf,rec_final_4-noH.pdb,22.1855
mol1,rec_15_mol1.sdf,rec_final_15-noH.pdb,21.7777
mol1,rec_1_mol1.sdf,rec_final_1-noH.pdb,20.1059
mol1,rec_10_mol1.sdf,rec_final_10-noH.pdb,19.7071
mol2,rec_17_mol2.sdf,rec_final_17-noH.pdb,22.5417
mol2,rec_6_mol2.sdf,rec_final_6-noH.pdb,22.1119
mol2,rec_3_mol2.sdf,rec_final_3-noH.pdb,22.0815
mol2,rec_7_mol2.sdf,rec_final_7-noH.pdb,21.9502
mol2,rec_14_mol2.sdf,rec_final_14-noH.pdb,21.1769
mol2,rec_13_mol2.sdf,rec_final_13-noH.pdb,21.0176
mol2,rec_2_mol2.sdf,rec_final_2-noH.pdb,20.9821
mol2,rec_8_mol2.sdf,rec_final_8-noH.pdb,20.6452
mol2,rec_19_mol2.sdf,rec_final_19-noH.pdb,20.6382
mol2,rec_10_mol2.sdf,rec_final_10-noH.pdb,20.3929
mol2,rec_18_mol2.sdf,rec_final_18-noH.pdb,19.9006
mol2,rec_5_mol2.sdf,rec_final_5-noH.pdb,19.8998
mol2,rec_12_mol2.sdf,rec_final_12-noH.pdb,19.8650
mol2,rec_11_mol2.sdf,rec_final_11-noH.pdb,19.7627
mol2,rec_16_mol2.sdf,rec_final_16-noH.pdb,19.7167
mol2,rec_9_mol2.sdf,rec_final_9-noH.pdb,19.6417
mol2,rec_15_mol2.sdf,rec_final_15-noH.pdb,19.4485
mol2,rec_4_mol2.sdf,rec_final_4-noH.pdb,18.9837
mol2,rec_1_mol2.sdf,rec_final_1-noH.pdb,15.9638
mol3,rec_20_mol3.sdf,rec_final_20-noH.pdb,23.6799
mol3,rec_19_mol3.sdf,rec_final_19-noH.pdb,23.6520
mol3,rec_3_mol3.sdf,rec_final_3-noH.pdb,23.2641
mol3,rec_17_mol3.sdf,rec_final_17-noH.pdb,22.9816
mol3,rec_7_mol3.sdf,rec_final_7-noH.pdb,22.7756
mol3,rec_14_mol3.sdf,rec_final_14-noH.pdb,22.6701
mol3,rec_18_mol3.sdf,rec_final_18-noH.pdb,22.6494
mol3,rec_6_mol3.sdf,rec_final_6-noH.pdb,22.6101
mol3,rec_2_mol3.sdf,rec_final_2-noH.pdb,22.3733
mol3,rec_8_mol3.sdf,rec_final_8-noH.pdb,22.0352
mol3,rec_1_mol3.sdf,rec_final_1-noH.pdb,21.9690
mol3,rec_9_mol3.sdf,rec_final_9-noH.pdb,21.6574
mol3,rec_12_mol3.sdf,rec_final_12-noH.pdb,21.6234
mol3,rec_11_mol3.sdf,rec_final_11-noH.pdb,21.6082
mol3,rec_13_mol3.sdf,rec_final_13-noH.pdb,21.3496
mol3,rec_15_mol3.sdf,rec_final_15-noH.pdb,21.2424
mol3,rec_16_mol3.sdf,rec_final_16-noH.pdb,20.9112
mol3,rec_4_mol3.sdf,rec_final_4-noH.pdb,19.1218
mol3,rec_5_mol3.sdf,rec_final_5-noH.pdb,18.0784
mol3,rec_10_mol3.sdf,rec_final_10-noH.pdb,17.5523
mol4,rec_3_mol4.sdf,rec_final_3-noH.pdb,22.2305
mol4,rec_20_mol4.sdf,rec_final_20-noH.pdb,21.3168
mol4,rec_14_mol4.sdf,rec_final_14-noH.pdb,20.5707
mol4,rec_19_mol4.sdf,rec_final_19-noH.pdb,20.2776
mol4,rec_9_mol4.sdf,rec_final_9-noH.pdb,19.9667
mol4,rec_8_mol4.sdf,rec_final_8-noH.pdb,19.8641
mol4,rec_13_mol4.sdf,rec_final_13-noH.pdb,19.7495
mol4,rec_2_mol4.sdf,rec_final_2-noH.pdb,19.5833
mol4,rec_11_mol4.sdf,rec_final_11-noH.pdb,19.4320
mol4,rec_7_mol4.sdf,rec_final_7-noH.pdb,19.3619
mol4,rec_18_mol4.sdf,rec_final_18-noH.pdb,19.1265
mol4,rec_16_mol4.sdf,rec_final_16-noH.pdb,19.1110
mol4,rec_17_mol4.sdf,rec_final_17-noH.pdb,19.0875
mol4,rec_10_mol4.sdf,rec_final_10-noH.pdb,19.0491
mol4,rec_6_mol4.sdf,rec_final_6-noH.pdb,18.9334
mol4,rec_4_mol4.sdf,rec_final_4-noH.pdb,18.6983
mol4,rec_5_mol4.sdf,rec_final_5-noH.pdb,18.3716
mol4,rec_15_mol4.sdf,rec_final_15-noH.pdb,18.0928
mol4,rec_1_mol4.sdf,rec_final_1-noH.pdb,17.3841
mol4,rec_12_mol4.sdf,rec_final_12-noH.pdb,15.9847
mol5,rec_7_mol5.sdf,rec_final_7-noH.pdb,24.6143
mol5,rec_8_mol5.sdf,rec_final_8-noH.pdb,24.3287
mol5,rec_20_mol5.sdf,rec_final_20-noH.pdb,23.8853
mol5,rec_3_mol5.sdf,rec_final_3-noH.pdb,23.6070
mol5,rec_6_mol5.sdf,rec_final_6-noH.pdb,23.4561
mol5,rec_14_mol5.sdf,rec_final_14-noH.pdb,22.1189
mol5,rec_2_mol5.sdf,rec_final_2-noH.pdb,21.6432
mol5,rec_13_mol5.sdf,rec_final_13-noH.pdb,21.2269
mol5,rec_9_mol5.sdf,rec_final_9-noH.pdb,20.9898
mol5,rec_17_mol5.sdf,rec_final_17-noH.pdb,20.9804
mol5,rec_1_mol5.sdf,rec_final_1-noH.pdb,20.9318
mol5,rec_11_mol5.sdf,rec_final_11-noH.pdb,20.8215
mol5,rec_19_mol5.sdf,rec_final_19-noH.pdb,20.6785
mol5,rec_18_mol5.sdf,rec_final_18-noH.pdb,20.4759
mol5,rec_12_mol5.sdf,rec_final_12-noH.pdb,20.2456
mol5,rec_15_mol5.sdf,rec_final_15-noH.pdb,19.8753
mol5,rec_16_mol5.sdf,rec_final_16-noH.pdb,19.3981
mol5,rec_4_mol5.sdf,rec_final_4-noH.pdb,19.3963
mol5,rec_10_mol5.sdf,rec_final_10-noH.pdb,18.8920
mol5,rec_5_mol5.sdf,rec_final_5-noH.pdb,17.8680
mol6,rec_7_mol6.sdf,rec_final_7-noH.pdb,18.4292
mol6,rec_14_mol6.sdf,rec_final_14-noH.pdb,17.9115
mol6,rec_11_mol6.sdf,rec_final_11-noH.pdb,17.0977
mol6,rec_17_mol6.sdf,rec_final_17-noH.pdb,16.5179
mol6,rec_2_mol6.sdf,rec_final_2-noH.pdb,16.1606
mol6,rec_6_mol6.sdf,rec_final_6-noH.pdb,15.8565
mol6,rec_13_mol6.sdf,rec_final_13-noH.pdb,15.5761
mol6,rec_9_mol6.sdf,rec_final_9-noH.pdb,15.5598
mol6,rec_10_mol6.sdf,rec_final_10-noH.pdb,15.5413
mol6,rec_20_mol6.sdf,rec_final_20-noH.pdb,15.4575
mol6,rec_3_mol6.sdf,rec_final_3-noH.pdb,15.2910
mol6,rec_16_mol6.sdf,rec_final_16-noH.pdb,14.7553
mol6,rec_18_mol6.sdf,rec_final_18-noH.pdb,14.7361
mol6,rec_12_mol6.sdf,rec_final_12-noH.pdb,14.7053
mol6,rec_4_mol6.sdf,rec_final_4-noH.pdb,14.4990
mol6,rec_1_mol6.sdf,rec_final_1-noH.pdb,14.3401
mol6,rec_5_mol6.sdf,rec_final_5-noH.pdb,14.3082
mol6,rec_19_mol6.sdf,rec_final_19-noH.pdb,14.0694
mol6,rec_8_mol6.sdf,rec_final_8-noH.pdb,13.8608
mol6,rec_15_mol6.sdf,rec_final_15-noH.pdb,12.6944
mol7,rec_19_mol7.sdf,rec_final_19-noH.pdb,18.2884
mol7,rec_20_mol7.sdf,rec_final_20-noH.pdb,18.1116
mol7,rec_7_mol7.sdf,rec_final_7-noH.pdb,17.7189
mol7,rec_17_mol7.sdf,rec_final_17-noH.pdb,17.5225
mol7,rec_18_mol7.sdf,rec_final_18-noH.pdb,17.4775
mol7,rec_14_mol7.sdf,rec_final_14-noH.pdb,17.3678
mol7,rec_13_mol7.sdf,rec_final_13-noH.pdb,16.9633
mol7,rec_11_mol7.sdf,rec_final_11-noH.pdb,16.6569
mol7,rec_4_mol7.sdf,rec_final_4-noH.pdb,16.6210
mol7,rec_8_mol7.sdf,rec_final_8-noH.pdb,16.5037
mol7,rec_16_mol7.sdf,rec_final_16-noH.pdb,16.4466
mol7,rec_6_mol7.sdf,rec_final_6-noH.pdb,16.4260
mol7,rec_2_mol7.sdf,rec_final_2-noH.pdb,16.2814
mol7,rec_10_mol7.sdf,rec_final_10-noH.pdb,16.2533
mol7,rec_9_mol7.sdf,rec_final_9-noH.pdb,16.2203
mol7,rec_3_mol7.sdf,rec_final_3-noH.pdb,15.8545
mol7,rec_5_mol7.sdf,rec_final_5-noH.pdb,15.7907
mol7,rec_12_mol7.sdf,rec_final_12-noH.pdb,15.7832
mol7,rec_15_mol7.sdf,rec_final_15-noH.pdb,15.6974
mol7,rec_1_mol7.sdf,rec_final_1-noH.pdb,15.0862
mol8,rec_9_mol8.sdf,rec_final_9-noH.pdb,23.0756
mol8,rec_2_mol8.sdf,rec_final_2-noH.pdb,22.7490
mol8,rec_13_mol8.sdf,rec_final_13-noH.pdb,22.3591
mol8,rec_17_mol8.sdf,rec_final_17-noH.pdb,21.6833
mol8,rec_7_mol8.sdf,rec_final_7-noH.pdb,21.3654
mol8,rec_6_mol8.sdf,rec_final_6-noH.pdb,21.1224
mol8,rec_19_mol8.sdf,rec_final_19-noH.pdb,20.6532
mol8,rec_18_mol8.sdf,rec_final_18-noH.pdb,20.6393
mol8,rec_5_mol8.sdf,rec_final_5-noH.pdb,20.3372
mol8,rec_3_mol8.sdf,rec_final_3-noH.pdb,20.0021
mol8,rec_20_mol8.sdf,rec_final_20-noH.pdb,19.7494
mol8,rec_11_mol8.sdf,rec_final_11-noH.pdb,19.7090
mol8,rec_16_mol8.sdf,rec_final_16-noH.pdb,19.2045
mol8,rec_14_mol8.sdf,rec_final_14-noH.pdb,19.1244
mol8,rec_12_mol8.sdf,rec_final_12-noH.pdb,19.0705
mol8,rec_1_mol8.sdf,rec_final_1-noH.pdb,18.9462
mol8,rec_15_mol8.sdf,rec_final_15-noH.pdb,18.2344
mol8,rec_4_mol8.sdf,rec_final_4-noH.pdb,17.0591
mol8,rec_10_mol8.sdf,rec_final_10-noH.pdb,16.8048
mol9,rec_6_mol9.sdf,rec_final_6-noH.pdb,18.0091
mol9,rec_20_mol9.sdf,rec_final_20-noH.pdb,16.7737
mol9,rec_7_mol9.sdf,rec_final_7-noH.pdb,16.5613
mol9,rec_14_mol9.sdf,rec_final_14-noH.pdb,16.3281
mol9,rec_19_mol9.sdf,rec_final_19-noH.pdb,16.2470
mol9,rec_2_mol9.sdf,rec_final_2-noH.pdb,16.1460
mol9,rec_13_mol9.sdf,rec_final_13-noH.pdb,15.9014
mol9,rec_9_mol9.sdf,rec_final_9-noH.pdb,15.7907
mol9,rec_16_mol9.sdf,rec_final_16-noH.pdb,15.4107
mol9,rec_8_mol9.sdf,rec_final_8-noH.pdb,15.3847
mol9,rec_3_mol9.sdf,rec_final_3-noH.pdb,14.9592
mol9,rec_15_mol9.sdf,rec_final_15-noH.pdb,14.2964
mol9,rec_10_mol9.sdf,rec_final_10-noH.pdb,13.9018
mol9,rec_4_mol9.sdf,rec_final_4-noH.pdb,13.5127
mol9,rec_12_mol9.sdf,rec_final_12-noH.pdb,13.1917
mol9,rec_17_mol9.sdf,rec_final_17-noH.pdb,12.4417
mol9,rec_1_mol9.sdf,rec_final_1-noH.pdb,11.7912
mol9,rec_11_mol9.sdf,rec_final_11-noH.pdb,11.6356
mol9,rec_18_mol9.sdf,rec_final_18-noH.pdb,10.4209
mol9,rec_5_mol9.sdf,rec_final_5-noH.pdb,10.0842
mol10,rec_16_mol10.sdf,rec_final_16-noH.pdb,26.9708
mol10,rec_7_mol10.sdf,rec_final_7-noH.pdb,26.6776
mol10,rec_8_mol10.sdf,rec_final_8-noH.pdb,26.3732
mol10,rec_2_mol10.sdf,rec_final_2-noH.pdb,25.8905
mol10,rec_11_mol10.sdf,rec_final_11-noH.pdb,25.8329
mol10,rec_3_mol10.sdf,rec_final_3-noH.pdb,25.5916
mol10,rec_17_mol10.sdf,rec_final_17-noH.pdb,25.4312
mol10,rec_13_mol10.sdf,rec_final_13-noH.pdb,25.0861
mol10,rec_15_mol10.sdf,rec_final_15-noH.pdb,25.0245
mol10,rec_14_mol10.sdf,rec_final_14-noH.pdb,24.9962
mol10,rec_19_mol10.sdf,rec_final_19-noH.pdb,24.5580
mol10,rec_9_mol10.sdf,rec_final_9-noH.pdb,24.4823
mol10,rec_20_mol10.sdf,rec_final_20-noH.pdb,22.5602
mol10,rec_4_mol10.sdf,rec_final_4-noH.pdb,19.9776
mol10,rec_6_mol10.sdf,rec_final_6-noH.pdb,19.7005
mol10,rec_10_mol10.sdf,rec_final_10-noH.pdb,19.3854
mol10,rec_18_mol10.sdf,rec_final_18-noH.pdb,19.0267
mol10,rec_5_mol10.sdf,rec_final_5-noH.pdb,18.7915
mol10,rec_1_mol10.sdf,rec_final_1-noH.pdb,18.6592
mol10,rec_12_mol10.sdf,rec_final_12-noH.pdb,17.0475
mol11,rec_11_mol11.sdf,rec_final_11-noH.pdb,22.6895
mol11,rec_5_mol11.sdf,rec_final_5-noH.pdb,21.5337
mol11,rec_7_mol11.sdf,rec_final_7-noH.pdb,20.8985
mol11,rec_13_mol11.sdf,rec_final_13-noH.pdb,20.7704
mol11,rec_16_mol11.sdf,rec_final_16-noH.pdb,20.4454
mol11,rec_9_mol11.sdf,rec_final_9-noH.pdb,19.9418
mol11,rec_3_mol11.sdf,rec_final_3-noH.pdb,19.8175
mol11,rec_1_mol11.sdf,rec_final_1-noH.pdb,19.4219
mol11,rec_15_mol11.sdf,rec_final_15-noH.pdb,19.2373
mol11,rec_20_mol11.sdf,rec_final_20-noH.pdb,19.1587
mol11,rec_12_mol11.sdf,rec_final_12-noH.pdb,18.9748
mol11,rec_19_mol11.sdf,rec_final_19-noH.pdb,18.7917
mol11,rec_14_mol11.sdf,rec_final_14-noH.pdb,18.5775
mol11,rec_2_mol11.sdf,rec_final_2-noH.pdb,18.4587
mol11,rec_8_mol11.sdf,rec_final_8-noH.pdb,18.2958
mol11,rec_4_mol11.sdf,rec_final_4-noH.pdb,18.2399
mol11,rec_17_mol11.sdf,rec_final_17-noH.pdb,18.1433
mol11,rec_18_mol11.sdf,rec_final_18-noH.pdb,17.7496
mol11,rec_10_mol11.sdf,rec_final_10-noH.pdb,16.6848
mol11,rec_6_mol11.sdf,rec_final_6-noH.pdb,16.1267
mol12,rec_3_mol12.sdf,rec_final_3-noH.pdb,28.4236
mol12,rec_17_mol12.sdf,rec_final_17-noH.pdb,26.9773
mol12,rec_6_mol12.sdf,rec_final_6-noH.pdb,25.5595
mol12,rec_20_mol12.sdf,rec_final_20-noH.pdb,25.2053
mol12,rec_2_mol12.sdf,rec_final_2-noH.pdb,24.8363
mol12,rec_1_mol12.sdf,rec_final_1-noH.pdb,24.7403
mol12,rec_7_mol12.sdf,rec_final_7-noH.pdb,23.5565
mol12,rec_13_mol12.sdf,rec_final_13-noH.pdb,23.3035
mol12,rec_18_mol12.sdf,rec_final_18-noH.pdb,23.1240
mol12,rec_8_mol12.sdf,rec_final_8-noH.pdb,22.7592
mol12,rec_4_mol12.sdf,rec_final_4-noH.pdb,22.7334
mol12,rec_19_mol12.sdf,rec_final_19-noH.pdb,22.0756
mol12,rec_5_mol12.sdf,rec_final_5-noH.pdb,22.0275
mol12,rec_10_mol12.sdf,rec_final_10-noH.pdb,21.7357
mol12,rec_11_mol12.sdf,rec_final_11-noH.pdb,21.5510
mol12,rec_16_mol12.sdf,rec_final_16-noH.pdb,21.1633
mol12,rec_9_mol12.sdf,rec_final_9-noH.pdb,20.9234
mol12,rec_14_mol12.sdf,rec_final_14-noH.pdb,20.7703
mol12,rec_15_mol12.sdf,rec_final_15-noH.pdb,20.6243
mol12,rec_12_mol12.sdf,rec_final_12-noH.pdb,20.5404
mol13,rec_17_mol13.sdf,rec_final_17-noH.pdb,31.1149
mol13,rec_2_mol13.sdf,rec_final_2-noH.pdb,29.7904
mol13,rec_7_mol13.sdf,rec_final_7-noH.pdb,29.5331
mol13,rec_20_mol13.sdf,rec_final_20-noH.pdb,27.9858
mol13,rec_12_mol13.sdf,rec_final_12-noH.pdb,27.1730
mol13,rec_19_mol13.sdf,rec_final_19-noH.pdb,27.0238
mol13,rec_8_mol13.sdf,rec_final_8-noH.pdb,26.4677
mol13,rec_6_mol13.sdf,rec_final_6-noH.pdb,26.1338
mol13,rec_5_mol13.sdf,rec_final_5-noH.pdb,25.9052
mol13,rec_9_mol13.sdf,rec_final_9-noH.pdb,25.6596
mol13,rec_11_mol13.sdf,rec_final_11-noH.pdb,25.6544
mol13,rec_14_mol13.sdf,rec_final_14-noH.pdb,25.2907
mol13,rec_3_mol13.sdf,rec_final_3-noH.pdb,25.0555
mol13,rec_4_mol13.sdf,rec_final_4-noH.pdb,24.3608
mol13,rec_13_mol13.sdf,rec_final_13-noH.pdb,23.8562
mol13,rec_15_mol13.sdf,rec_final_15-noH.pdb,23.3658
mol13,rec_18_mol13.sdf,rec_final_18-noH.pdb,22.8118
mol13,rec_10_mol13.sdf,rec_final_10-noH.pdb,20.5879
mol13,rec_1_mol13.sdf,rec_final_1-noH.pdb,19.2039
mol13,rec_16_mol13.sdf,rec_final_16-noH.pdb,18.0658
mol14,rec_14_mol14.sdf,rec_final_14-noH.pdb,24.8000
mol14,rec_6_mol14.sdf,rec_final_6-noH.pdb,24.0596
mol14,rec_8_mol14.sdf,rec_final_8-noH.pdb,23.4492
mol14,rec_19_mol14.sdf,rec_final_19-noH.pdb,22.7643
mol14,rec_9_mol14.sdf,rec_final_9-noH.pdb,22.6124
mol14,rec_13_mol14.sdf,rec_final_13-noH.pdb,22.5642
mol14,rec_2_mol14.sdf,rec_final_2-noH.pdb,22.4622
mol14,rec_20_mol14.sdf,rec_final_20-noH.pdb,22.0908
mol14,rec_11_mol14.sdf,rec_final_11-noH.pdb,21.8443
mol14,rec_15_mol14.sdf,rec_final_15-noH.pdb,21.4207
mol14,rec_12_mol14.sdf,rec_final_12-noH.pdb,20.7410
mol14,rec_18_mol14.sdf,rec_final_18-noH.pdb,20.6131
mol14,rec_4_mol14.sdf,rec_final_4-noH.pdb,20.2299
mol14,rec_10_mol14.sdf,rec_final_10-noH.pdb,19.5037
mol14,rec_5_mol14.sdf,rec_final_5-noH.pdb,19.1518
mol14,rec_7_mol14.sdf,rec_final_7-noH.pdb,18.9588
mol14,rec_17_mol14.sdf,rec_final_17-noH.pdb,18.5590
mol14,rec_3_mol14.sdf,rec_final_3-noH.pdb,17.9809
mol14,rec_16_mol14.sdf,rec_final_16-noH.pdb,17.7608
mol14,rec_1_mol14.sdf,rec_final_1-noH.pdb,14.1684
mol15,rec_17_mol15.sdf,rec_final_17-noH.pdb,25.9028
mol15,rec_6_mol15.sdf,rec_final_6-noH.pdb,25.8375
mol15,rec_8_mol15.sdf,rec_final_8-noH.pdb,25.7184
mol15,rec_20_mol15.sdf,rec_final_20-noH.pdb,25.6633
mol15,rec_19_mol15.sdf,rec_final_19-noH.pdb,25.0169
mol15,rec_3_mol15.sdf,rec_final_3-noH.pdb,25.0159
mol15,rec_7_mol15.sdf,rec_final_7-noH.pdb,24.9798
mol15,rec_11_mol15.sdf,rec_final_11-noH.pdb,24.1072
mol15,rec_2_mol15.sdf,rec_final_2-noH.pdb,23.9032
mol15,rec_13_mol15.sdf,rec_final_13-noH.pdb,23.3859
mol15,rec_12_mol15.sdf,rec_final_12-noH.pdb,23.3439
mol15,rec_14_mol15.sdf,rec_final_14-noH.pdb,23.3407
mol15,rec_16_mol15.sdf,rec_final_16-noH.pdb,23.0326
mol15,rec_9_mol15.sdf,rec_final_9-noH.pdb,22.9836
mol15,rec_18_mol15.sdf,rec_final_18-noH.pdb,22.5887
mol15,rec_4_mol15.sdf,rec_final_4-noH.pdb,22.3899
mol15,rec_5_mol15.sdf,rec_final_5-noH.pdb,22.2848
mol15,rec_15_mol15.sdf,rec_final_15-noH.pdb,22.1734
mol15,rec_10_mol15.sdf,rec_final_10-noH.pdb,20.8730
mol15,rec_1_mol15.sdf,rec_final_1-noH.pdb,19.2405
mol16,rec_17_mol16.sdf,rec_final_17-noH.pdb,26.5862
mol16,rec_7_mol16.sdf,rec_final_7-noH.pdb,25.9944
mol16,rec_6_mol16.sdf,rec_final_6-noH.pdb,25.6167
mol16,rec_16_mol16.sdf,rec_final_16-noH.pdb,25.0616
mol16,rec_20_mol16.sdf,rec_final_20-noH.pdb,23.9064
mol16,rec_8_mol16.sdf,rec_final_8-noH.pdb,23.5642
mol16,rec_12_mol16.sdf,rec_final_12-noH.pdb,23.3743
mol16,rec_19_mol16.sdf,rec_final_19-noH.pdb,23.2714
mol16,rec_18_mol16.sdf,rec_final_18-noH.pdb,22.8804
mol16,rec_3_mol16.sdf,rec_final_3-noH.pdb,22.3425
mol16,rec_2_mol16.sdf,rec_final_2-noH.pdb,22.2292
mol16,rec_9_mol16.sdf,rec_final_9-noH.pdb,22.0309
mol16,rec_14_mol16.sdf,rec_final_14-noH.pdb,21.8297
mol16,rec_11_mol16.sdf,rec_final_11-noH.pdb,21.7959
mol16,rec_13_mol16.sdf,rec_final_13-noH.pdb,21.4170
mol16,rec_15_mol16.sdf,rec_final_15-noH.pdb,21.2529
mol16,rec_5_mol16.sdf,rec_final_5-noH.pdb,21.0145
mol16,rec_4_mol16.sdf,rec_final_4-noH.pdb,20.5439
mol16,rec_10_mol16.sdf,rec_final_10-noH.pdb,19.8221
mol16,rec_1_mol16.sdf,rec_final_1-noH.pdb,17.1547
mol17,rec_6_mol17.sdf,rec_final_6-noH.pdb,17.4472
mol17,rec_2_mol17.sdf,rec_final_2-noH.pdb,17.4106
mol17,rec_7_mol17.sdf,rec_final_7-noH.pdb,16.8130
mol17,rec_11_mol17.sdf,rec_final_11-noH.pdb,16.6961
mol17,rec_8_mol17.sdf,rec_final_8-noH.pdb,16.5494
mol17,rec_20_mol17.sdf,rec_final_20-noH.pdb,16.5342
mol17,rec_17_mol17.sdf,rec_final_17-noH.pdb,16.4316
mol17,rec_14_mol17.sdf,rec_final_14-noH.pdb,16.2769
mol17,rec_13_mol17.sdf,rec_final_13-noH.pdb,16.1894
mol17,rec_19_mol17.sdf,rec_final_19-noH.pdb,16.1465
mol17,rec_18_mol17.sdf,rec_final_18-noH.pdb,16.0560
mol17,rec_9_mol17.sdf,rec_final_9-noH.pdb,16.0066
mol17,rec_16_mol17.sdf,rec_final_16-noH.pdb,15.9208
mol17,rec_12_mol17.sdf,rec_final_12-noH.pdb,15.3774
mol17,rec_1_mol17.sdf,rec_final_1-noH.pdb,15.3101
mol17,rec_3_mol17.sdf,rec_final_3-noH.pdb,15.1162
mol17,rec_15_mol17.sdf,rec_final_15-noH.pdb,15.0420
mol17,rec_5_mol17.sdf,rec_final_5-noH.pdb,14.5934
mol17,rec_10_mol17.sdf,rec_final_10-noH.pdb,14.1279
mol17,rec_4_mol17.sdf,rec_final_4-noH.pdb,12.6807
mol18,rec_16_mol18.sdf,rec_final_16-noH.pdb,25.6036
mol18,rec_20_mol18.sdf,rec_final_20-noH.pdb,25.0018
mol18,rec_8_mol18.sdf,rec_final_8-noH.pdb,24.6864
mol18,rec_2_mol18.sdf,rec_final_2-noH.pdb,24.5737
mol18,rec_17_mol18.sdf,rec_final_17-noH.pdb,24.3022
mol18,rec_14_mol18.sdf,rec_final_14-noH.pdb,24.1233
mol18,rec_9_mol18.sdf,rec_final_9-noH.pdb,24.1171
mol18,rec_13_mol18.sdf,rec_final_13-noH.pdb,23.1499
mol18,rec_15_mol18.sdf,rec_final_15-noH.pdb,22.8716
mol18,rec_6_mol18.sdf,rec_final_6-noH.pdb,22.7519
mol18,rec_7_mol18.sdf,rec_final_7-noH.pdb,22.0026
mol18,rec_19_mol18.sdf,rec_final_19-noH.pdb,21.5782
mol18,rec_11_mol18.sdf,rec_final_11-noH.pdb,20.7594
mol18,rec_12_mol18.sdf,rec_final_12-noH.pdb,18.9402
mol18,rec_18_mol18.sdf,rec_final_18-noH.pdb,18.9168
mol18,rec_4_mol18.sdf,rec_final_4-noH.pdb,18.4591
mol18,rec_3_mol18.sdf,rec_final_3-noH.pdb,17.9163
mol18,rec_5_mol18.sdf,rec_final_5-noH.pdb,17.8681
mol18,rec_10_mol18.sdf,rec_final_10-noH.pdb,17.8450
mol18,rec_1_mol18.sdf,rec_final_1-noH.pdb,17.4912
mol19,rec_6_mol19.sdf,rec_final_6-noH.pdb,18.9560
mol19,rec_3_mol19.sdf,rec_final_3-noH.pdb,18.5955
mol19,rec_20_mol19.sdf,rec_final_20-noH.pdb,18.2636
mol19,rec_8_mol19.sdf,rec_final_8-noH.pdb,18.0281
mol19,rec_2_mol19.sdf,rec_final_2-noH.pdb,17.8641
mol19,rec_11_mol19.sdf,rec_final_11-noH.pdb,17.7989
mol19,rec_9_mol19.sdf,rec_final_9-noH.pdb,17.6266
mol19,rec_13_mol19.sdf,rec_final_13-noH.pdb,17.6249
mol19,rec_12_mol19.sdf,rec_final_12-noH.pdb,17.5444
mol19,rec_16_mol19.sdf,rec_final_16-noH.pdb,17.0469
mol19,rec_14_mol19.sdf,rec_final_14-noH.pdb,16.9687
mol19,rec_7_mol19.sdf,rec_final_7-noH.pdb,16.8981
mol19,rec_5_mol19.sdf,rec_final_5-noH.pdb,16.1808
mol19,rec_4_mol19.sdf,rec_final_4-noH.pdb,16.0954
mol19,rec_17_mol19.sdf,rec_final_17-noH.pdb,15.1306
mol19,rec_19_mol19.sdf,rec_final_19-noH.pdb,14.9307
mol19,rec_10_mol19.sdf,rec_final_10-noH.pdb,14.0139
mol19,rec_15_mol19.sdf,rec_final_15-noH.pdb,13.9935
mol19,rec_1_mol19.sdf,rec_final_1-noH.pdb,13.7942
mol19,rec_18_mol19.sdf,rec_final_18-noH.pdb,13.7848
mol20,rec_17_mol20.sdf,rec_final_17-noH.pdb,25.4845
mol20,rec_12_mol20.sdf,rec_final_12-noH.pdb,24.7186
mol20,rec_20_mol20.sdf,rec_final_20-noH.pdb,24.6517
mol20,rec_6_mol20.sdf,rec_final_6-noH.pdb,24.6234
mol20,rec_19_mol20.sdf,rec_final_19-noH.pdb,24.2613
mol20,rec_8_mol20.sdf,rec_final_8-noH.pdb,23.9697
mol20,rec_13_mol20.sdf,rec_final_13-noH.pdb,23.6097
mol20,rec_3_mol20.sdf,rec_final_3-noH.pdb,23.3625
mol20,rec_4_mol20.sdf,rec_final_4-noH.pdb,23.1084
mol20,rec_2_mol20.sdf,rec_final_2-noH.pdb,23.0244
mol20,rec_18_mol20.sdf,rec_final_18-noH.pdb,22.9860
mol20,rec_5_mol20.sdf,rec_final_5-noH.pdb,22.9841
mol20,rec_9_mol20.sdf,rec_final_9-noH.pdb,22.5552
mol20,rec_11_mol20.sdf,rec_final_11-noH.pdb,22.5126
mol20,rec_14_mol20.sdf,rec_final_14-noH.pdb,22.4027
mol20,rec_16_mol20.sdf,rec_final_16-noH.pdb,21.8906
mol20,rec_7_mol20.sdf,rec_final_7-noH.pdb,21.4499
mol20,rec_15_mol20.sdf,rec_final_15-noH.pdb,21.4192
mol20,rec_10_mol20.sdf,rec_final_10-noH.pdb,19.7343
mol20,rec_1_mol20.sdf,rec_final_1-noH.pdb,15.5031
mol21,rec_3_mol21.sdf,rec_final_3-noH.pdb,25.5617
mol21,rec_14_mol21.sdf,rec_final_14-noH.pdb,24.1456
mol21,rec_12_mol21.sdf,rec_final_12-noH.pdb,23.9937
mol21,rec_19_mol21.sdf,rec_final_19-noH.pdb,23.7059
mol21,rec_8_mol21.sdf,rec_final_8-noH.pdb,23.0092
mol21,rec_20_mol21.sdf,rec_final_20-noH.pdb,22.7496
mol21,rec_17_mol21.sdf,rec_final_17-noH.pdb,22.6661
mol21,rec_7_mol21.sdf,rec_final_7-noH.pdb,22.2276
mol21,rec_10_mol21.sdf,rec_final_10-noH.pdb,21.6653
mol21,rec_4_mol21.sdf,rec_final_4-noH.pdb,21.6076
mol21,rec_18_mol21.sdf,rec_final_18-noH.pdb,21.2331
mol21,rec_16_mol21.sdf,rec_final_16-noH.pdb,21.1874
mol21,rec_6_mol21.sdf,rec_final_6-noH.pdb,21.1738
mol21,rec_1_mol21.sdf,rec_final_1-noH.pdb,20.8059
mol21,rec_9_mol21.sdf,rec_final_9-noH.pdb,20.7807
mol21,rec_2_mol21.sdf,rec_final_2-noH.pdb,20.5644
mol21,rec_15_mol21.sdf,rec_final_15-noH.pdb,19.6452
mol21,rec_11_mol21.sdf,rec_final_11-noH.pdb,19.2140
mol21,rec_5_mol21.sdf,rec_final_5-noH.pdb,18.8334
mol23,rec_17_mol23.sdf,rec_final_17-noH.pdb,26.8022
mol23,rec_20_mol23.sdf,rec_final_20-noH.pdb,26.6936
mol23,rec_16_mol23.sdf,rec_final_16-noH.pdb,26.5896
mol23,rec_18_mol23.sdf,rec_final_18-noH.pdb,26.3068
mol23,rec_6_mol23.sdf,rec_final_6-noH.pdb,26.0358
mol23,rec_2_mol23.sdf,rec_final_2-noH.pdb,25.8372
mol23,rec_11_mol23.sdf,rec_final_11-noH.pdb,25.8304
mol23,rec_3_mol23.sdf,rec_final_3-noH.pdb,25.2255
mol23,rec_12_mol23.sdf,rec_final_12-noH.pdb,25.0714
mol23,rec_8_mol23.sdf,rec_final_8-noH.pdb,25.0196
mol23,rec_7_mol23.sdf,rec_final_7-noH.pdb,24.9890
mol23,rec_19_mol23.sdf,rec_final_19-noH.pdb,24.6988
mol23,rec_9_mol23.sdf,rec_final_9-noH.pdb,24.6423
mol23,rec_14_mol23.sdf,rec_final_14-noH.pdb,24.3107
mol23,rec_13_mol23.sdf,rec_final_13-noH.pdb,24.2009
mol23,rec_15_mol23.sdf,rec_final_15-noH.pdb,23.9392
mol23,rec_5_mol23.sdf,rec_final_5-noH.pdb,23.7691
mol23,rec_4_mol23.sdf,rec_final_4-noH.pdb,22.8030
mol23,rec_1_mol23.sdf,rec_final_1-noH.pdb,22.1076
mol23,rec_10_mol23.sdf,rec_final_10-noH.pdb,20.2730
mol24,rec_9_mol24.sdf,rec_final_9-noH.pdb,24.0096
mol24,rec_6_mol24.sdf,rec_final_6-noH.pdb,21.7081
mol24,rec_7_mol24.sdf,rec_final_7-noH.pdb,21.4040
mol24,rec_3_mol24.sdf,rec_final_3-noH.pdb,21.3032
mol24,rec_20_mol24.sdf,rec_final_20-noH.pdb,21.2785
mol24,rec_19_mol24.sdf,rec_final_19-noH.pdb,20.9844
mol24,rec_13_mol24.sdf,rec_final_13-noH.pdb,20.4210
mol24,rec_2_mol24.sdf,rec_final_2-noH.pdb,20.3419
mol24,rec_14_mol24.sdf,rec_final_14-noH.pdb,20.1937
mol24,rec_11_mol24.sdf,rec_final_11-noH.pdb,19.9879
mol24,rec_12_mol24.sdf,rec_final_12-noH.pdb,19.6438
mol24,rec_17_mol24.sdf,rec_final_17-noH.pdb,19.6207
mol24,rec_1_mol24.sdf,rec_final_1-noH.pdb,19.1912
mol24,rec_8_mol24.sdf,rec_final_8-noH.pdb,19.0197
mol24,rec_15_mol24.sdf,rec_final_15-noH.pdb,18.7539
mol24,rec_18_mol24.sdf,rec_final_18-noH.pdb,18.7434
mol24,rec_16_mol24.sdf,rec_final_16-noH.pdb,18.3321
mol24,rec_5_mol24.sdf,rec_final_5-noH.pdb,17.9226
mol24,rec_10_mol24.sdf,rec_final_10-noH.pdb,16.1738
mol25,rec_8_mol25.sdf,rec_final_8-noH.pdb,24.0827
mol25,rec_2_mol25.sdf,rec_final_2-noH.pdb,23.5697
mol25,rec_17_mol25.sdf,rec_final_17-noH.pdb,23.5191
mol25,rec_5_mol25.sdf,rec_final_5-noH.pdb,21.4398
mol25,rec_15_mol25.sdf,rec_final_15-noH.pdb,21.1017
mol25,rec_18_mol25.sdf,rec_final_18-noH.pdb,20.8006
mol25,rec_12_mol25.sdf,rec_final_12-noH.pdb,20.6484
mol25,rec_4_mol25.sdf,rec_final_4-noH.pdb,20.3126
mol25,rec_14_mol25.sdf,rec_final_14-noH.pdb,19.6934
mol25,rec_20_mol25.sdf,rec_final_20-noH.pdb,19.2274
mol25,rec_11_mol25.sdf,rec_final_11-noH.pdb,19.1237
mol25,rec_9_mol25.sdf,rec_final_9-noH.pdb,18.1296
mol25,rec_3_mol25.sdf,rec_final_3-noH.pdb,18.0816
mol25,rec_19_mol25.sdf,rec_final_19-noH.pdb,17.9636
mol25,rec_13_mol25.sdf,rec_final_13-noH.pdb,17.6668
mol25,rec_6_mol25.sdf,rec_final_6-noH.pdb,17.5060
mol25,rec_7_mol25.sdf,rec_final_7-noH.pdb,16.9233
mol25,rec_16_mol25.sdf,rec_final_16-noH.pdb,16.5428
mol25,rec_1_mol25.sdf,rec_final_1-noH.pdb,16.3728
mol25,rec_10_mol25.sdf,rec_final_10-noH.pdb,14.6933
mol26,rec_16_mol26.sdf,rec_final_16-noH.pdb,24.7870
mol26,rec_20_mol26.sdf,rec_final_20-noH.pdb,24.7788
mol26,rec_8_mol26.sdf,rec_final_8-noH.pdb,24.4379
mol26,rec_15_mol26.sdf,rec_final_15-noH.pdb,24.0764
mol26,rec_3_mol26.sdf,rec_final_3-noH.pdb,23.9746
mol26,rec_14_mol26.sdf,rec_final_14-noH.pdb,23.7749
mol26,rec_2_mol26.sdf,rec_final_2-noH.pdb,23.5061
mol26,rec_9_mol26.sdf,rec_final_9-noH.pdb,23.4669
mol26,rec_17_mol26.sdf,rec_final_17-noH.pdb,23.3535
mol26,rec_13_mol26.sdf,rec_final_13-noH.pdb,23.2486
mol26,rec_11_mol26.sdf,rec_final_11-noH.pdb,23.1038
mol26,rec_18_mol26.sdf,rec_final_18-noH.pdb,22.7092
mol26,rec_6_mol26.sdf,rec_final_6-noH.pdb,22.4278
mol26,rec_19_mol26.sdf,rec_final_19-noH.pdb,21.3068
mol26,rec_10_mol26.sdf,rec_final_10-noH.pdb,19.7648
mol26,rec_5_mol26.sdf,rec_final_5-noH.pdb,19.5406
mol26,rec_4_mol26.sdf,rec_final_4-noH.pdb,19.5143
mol26,rec_12_mol26.sdf,rec_final_12-noH.pdb,19.2108
mol26,rec_7_mol26.sdf,rec_final_7-noH.pdb,19.1282
mol26,rec_1_mol26.sdf,rec_final_1-noH.pdb,17.2749
mol27,rec_6_mol27.sdf,rec_final_6-noH.pdb,21.9830
mol27,rec_8_mol27.sdf,rec_final_8-noH.pdb,21.7894
mol27,rec_19_mol27.sdf,rec_final_19-noH.pdb,21.1936
mol27,rec_3_mol27.sdf,rec_final_3-noH.pdb,21.0136
mol27,rec_7_mol27.sdf,rec_final_7-noH.pdb,21.0051
mol27,rec_9_mol27.sdf,rec_final_9-noH.pdb,20.8548
mol27,rec_13_mol27.sdf,rec_final_13-noH.pdb,20.8186
mol27,rec_2_mol27.sdf,rec_final_2-noH.pdb,20.7602
mol27,rec_11_mol27.sdf,rec_final_11-noH.pdb,20.7568
mol27,rec_20_mol27.sdf,rec_final_20-noH.pdb,20.3096
mol27,rec_5_mol27.sdf,rec_final_5-noH.pdb,20.2028
mol27,rec_12_mol27.sdf,rec_final_12-noH.pdb,20.1400
mol27,rec_15_mol27.sdf,rec_final_15-noH.pdb,20.0948
mol27,rec_16_mol27.sdf,rec_final_16-noH.pdb,20.0311
mol27,rec_17_mol27.sdf,rec_final_17-noH.pdb,19.5473
mol27,rec_14_mol27.sdf,rec_final_14-noH.pdb,19.4015
mol27,rec_10_mol27.sdf,rec_final_10-noH.pdb,18.8043
mol27,rec_4_mol27.sdf,rec_final_4-noH.pdb,18.7639
mol27,rec_18_mol27.sdf,rec_final_18-noH.pdb,18.3307
mol27,rec_1_mol27.sdf,rec_final_1-noH.pdb,16.6934
mol28,rec_20_mol28.sdf,rec_final_20-noH.pdb,23.7629
mol28,rec_6_mol28.sdf,rec_final_6-noH.pdb,23.7284
mol28,rec_3_mol28.sdf,rec_final_3-noH.pdb,23.6337
mol28,rec_8_mol28.sdf,rec_final_8-noH.pdb,23.0800
mol28,rec_12_mol28.sdf,rec_final_12-noH.pdb,22.6898
mol28,rec_7_mol28.sdf,rec_final_7-noH.pdb,22.6402
mol28,rec_19_mol28.sdf,rec_final_19-noH.pdb,22.4090
mol28,rec_13_mol28.sdf,rec_final_13-noH.pdb,22.3998
mol28,rec_2_mol28.sdf,rec_final_2-noH.pdb,22.3541
mol28,rec_1_mol28.sdf,rec_final_1-noH.pdb,22.2662
mol28,rec_11_mol28.sdf,rec_final_11-noH.pdb,22.2619
mol28,rec_17_mol28.sdf,rec_final_17-noH.pdb,21.7081
mol28,rec_9_mol28.sdf,rec_final_9-noH.pdb,21.6433
mol28,rec_16_mol28.sdf,rec_final_16-noH.pdb,21.4513
mol28,rec_14_mol28.sdf,rec_final_14-noH.pdb,20.7372
mol28,rec_5_mol28.sdf,rec_final_5-noH.pdb,20.4125
mol28,rec_18_mol28.sdf,rec_final_18-noH.pdb,20.0653
mol28,rec_15_mol28.sdf,rec_final_15-noH.pdb,19.2821
mol28,rec_10_mol28.sdf,rec_final_10-noH.pdb,18.5246
mol28,rec_4_mol28.sdf,rec_final_4-noH.pdb,17.3039
mol29,rec_16_mol29.sdf,rec_final_16-noH.pdb,24.7896
mol29,rec_20_mol29.sdf,rec_final_20-noH.pdb,24.7773
mol29,rec_8_mol29.sdf,rec_final_8-noH.pdb,24.4376
mol29,rec_15_mol29.sdf,rec_final_15-noH.pdb,24.0773
mol29,rec_3_mol29.sdf,rec_final_3-noH.pdb,23.9839
mol29,rec_14_mol29.sdf,rec_final_14-noH.pdb,23.7737
mol29,rec_2_mol29.sdf,rec_final_2-noH.pdb,23.5043
mol29,rec_9_mol29.sdf,rec_final_9-noH.pdb,23.4653
mol29,rec_17_mol29.sdf,rec_final_17-noH.pdb,23.3561
mol29,rec_13_mol29.sdf,rec_final_13-noH.pdb,23.2517
mol29,rec_11_mol29.sdf,rec_final_11-noH.pdb,23.1049
mol29,rec_18_mol29.sdf,rec_final_18-noH.pdb,22.6552
mol29,rec_6_mol29.sdf,rec_final_6-noH.pdb,22.4297
mol29,rec_19_mol29.sdf,rec_final_19-noH.pdb,21.3093
mol29,rec_10_mol29.sdf,rec_final_10-noH.pdb,19.7631
mol29,rec_5_mol29.sdf,rec_final_5-noH.pdb,19.6343
mol29,rec_4_mol29.sdf,rec_final_4-noH.pdb,19.2872
mol29,rec_12_mol29.sdf,rec_final_12-noH.pdb,19.2104
mol29,rec_7_mol29.sdf,rec_final_7-noH.pdb,19.1266
mol29,rec_1_mol29.sdf,rec_final_1-noH.pdb,17.2741
mol30,rec_7_mol30.sdf,rec_final_7-noH.pdb,28.7748
mol30,rec_8_mol30.sdf,rec_final_8-noH.pdb,28.5636
mol30,rec_17_mol30.sdf,rec_final_17-noH.pdb,28.2101
mol30,rec_16_mol30.sdf,rec_final_16-noH.pdb,27.0030
mol30,rec_18_mol30.sdf,rec_final_18-noH.pdb,26.8423
mol30,rec_19_mol30.sdf,rec_final_19-noH.pdb,26.7353
mol30,rec_13_mol30.sdf,rec_final_13-noH.pdb,26.5185
mol30,rec_9_mol30.sdf,rec_final_9-noH.pdb,26.4806
mol30,rec_15_mol30.sdf,rec_final_15-noH.pdb,26.1092
mol30,rec_6_mol30.sdf,rec_final_6-noH.pdb,23.2127
mol30,rec_3_mol30.sdf,rec_final_3-noH.pdb,22.1476
mol30,rec_20_mol30.sdf,rec_final_20-noH.pdb,21.7652
mol30,rec_14_mol30.sdf,rec_final_14-noH.pdb,21.2153
mol30,rec_12_mol30.sdf,rec_final_12-noH.pdb,21.1142
mol30,rec_10_mol30.sdf,rec_final_10-noH.pdb,21.1044
mol30,rec_5_mol30.sdf,rec_final_5-noH.pdb,20.9294
mol30,rec_4_mol30.sdf,rec_final_4-noH.pdb,20.3456
mol30,rec_2_mol30.sdf,rec_final_2-noH.pdb,20.1712
mol30,rec_11_mol30.sdf,rec_final_11-noH.pdb,19.5098
mol30,rec_1_mol30.sdf,rec_final_1-noH.pdb,14.9792
mol31,rec_17_mol31.sdf,rec_final_17-noH.pdb,25.8079
mol31,rec_16_mol31.sdf,rec_final_16-noH.pdb,25.6441
mol31,rec_20_mol31.sdf,rec_final_20-noH.pdb,25.6018
mol31,rec_2_mol31.sdf,rec_final_2-noH.pdb,25.3428
mol31,rec_9_mol31.sdf,rec_final_9-noH.pdb,25.0325
mol31,rec_19_mol31.sdf,rec_final_19-noH.pdb,24.7459
mol31,rec_13_mol31.sdf,rec_final_13-noH.pdb,24.7427
mol31,rec_6_mol31.sdf,rec_final_6-noH.pdb,24.7052
mol31,rec_3_mol31.sdf,rec_final_3-noH.pdb,24.5329
mol31,rec_7_mol31.sdf,rec_final_7-noH.pdb,24.4954
mol31,rec_8_mol31.sdf,rec_final_8-noH.pdb,24.3154
mol31,rec_14_mol31.sdf,rec_final_14-noH.pdb,23.8155
mol31,rec_15_mol31.sdf,rec_final_15-noH.pdb,23.2138
mol31,rec_11_mol31.sdf,rec_final_11-noH.pdb,23.2009
mol31,rec_18_mol31.sdf,rec_final_18-noH.pdb,23.0460
mol31,rec_10_mol31.sdf,rec_final_10-noH.pdb,22.4765
mol31,rec_12_mol31.sdf,rec_final_12-noH.pdb,22.0720
mol31,rec_5_mol31.sdf,rec_final_5-noH.pdb,22.0134
mol31,rec_4_mol31.sdf,rec_final_4-noH.pdb,20.8666
mol31,rec_1_mol31.sdf,rec_final_1-noH.pdb,20.3114
mol32,rec_16_mol32.sdf,rec_final_16-noH.pdb,25.6051
mol32,rec_3_mol32.sdf,rec_final_3-noH.pdb,24.3244
mol32,rec_9_mol32.sdf,rec_final_9-noH.pdb,23.6510
mol32,rec_20_mol32.sdf,rec_final_20-noH.pdb,22.7369
mol32,rec_19_mol32.sdf,rec_final_19-noH.pdb,22.4257
mol32,rec_13_mol32.sdf,rec_final_13-noH.pdb,20.8165
mol32,rec_15_mol32.sdf,rec_final_15-noH.pdb,20.6242
mol32,rec_12_mol32.sdf,rec_final_12-noH.pdb,20.5842
mol32,rec_7_mol32.sdf,rec_final_7-noH.pdb,20.1541
mol32,rec_8_mol32.sdf,rec_final_8-noH.pdb,20.0657
mol32,rec_14_mol32.sdf,rec_final_14-noH.pdb,19.9417
mol32,rec_17_mol32.sdf,rec_final_17-noH.pdb,19.7198
mol32,rec_11_mol32.sdf,rec_final_11-noH.pdb,19.5496
mol32,rec_6_mol32.sdf,rec_final_6-noH.pdb,19.4680
mol32,rec_4_mol32.sdf,rec_final_4-noH.pdb,19.3408
mol32,rec_5_mol32.sdf,rec_final_5-noH.pdb,18.5319
mol32,rec_1_mol32.sdf,rec_final_1-noH.pdb,17.6905
mol32,rec_10_mol32.sdf,rec_final_10-noH.pdb,17.3271
mol32,rec_18_mol32.sdf,rec_final_18-noH.pdb,17.1273
mol34,rec_20_mol34.sdf,rec_final_20-noH.pdb,23.6785
mol34,rec_19_mol34.sdf,rec_final_19-noH.pdb,23.6516
mol34,rec_3_mol34.sdf,rec_final_3-noH.pdb,23.2621
mol34,rec_17_mol34.sdf,rec_final_17-noH.pdb,22.9787
mol34,rec_7_mol34.sdf,rec_final_7-noH.pdb,22.7752
mol34,rec_14_mol34.sdf,rec_final_14-noH.pdb,22.6722
mol34,rec_18_mol34.sdf,rec_final_18-noH.pdb,22.6486
mol34,rec_6_mol34.sdf,rec_final_6-noH.pdb,22.6059
mol34,rec_2_mol34.sdf,rec_final_2-noH.pdb,22.3695
mol34,rec_8_mol34.sdf,rec_final_8-noH.pdb,22.0346
mol34,rec_1_mol34.sdf,rec_final_1-noH.pdb,21.9977
mol34,rec_9_mol34.sdf,rec_final_9-noH.pdb,21.6591
mol34,rec_12_mol34.sdf,rec_final_12-noH.pdb,21.6258
mol34,rec_11_mol34.sdf,rec_final_11-noH.pdb,21.6087
mol34,rec_13_mol34.sdf,rec_final_13-noH.pdb,21.3499
mol34,rec_15_mol34.sdf,rec_final_15-noH.pdb,21.2427
mol34,rec_16_mol34.sdf,rec_final_16-noH.pdb,20.9092
mol34,rec_4_mol34.sdf,rec_final_4-noH.pdb,19.1205
mol34,rec_5_mol34.sdf,rec_final_5-noH.pdb,17.6456
mol34,rec_10_mol34.sdf,rec_final_10-noH.pdb,17.5572
mol35,rec_6_mol35.sdf,rec_final_6-noH.pdb,15.3554
mol35,rec_1_mol35.sdf,rec_final_1-noH.pdb,15.3468
mol35,rec_14_mol35.sdf,rec_final_14-noH.pdb,14.6562
mol35,rec_17_mol35.sdf,rec_final_17-noH.pdb,14.1818
mol35,rec_8_mol35.sdf,rec_final_8-noH.pdb,13.9948
mol35,rec_15_mol35.sdf,rec_final_15-noH.pdb,13.5709
mol35,rec_16_mol35.sdf,rec_final_16-noH.pdb,13.4544
mol35,rec_19_mol35.sdf,rec_final_19-noH.pdb,13.4235
mol35,rec_13_mol35.sdf,rec_final_13-noH.pdb,13.2373
mol35,rec_2_mol35.sdf,rec_final_2-noH.pdb,13.0369
mol35,rec_9_mol35.sdf,rec_final_9-noH.pdb,12.9733
mol35,rec_20_mol35.sdf,rec_final_20-noH.pdb,12.9579
mol35,rec_3_mol35.sdf,rec_final_3-noH.pdb,12.6422
mol35,rec_11_mol35.sdf,rec_final_11-noH.pdb,12.3523
mol35,rec_12_mol35.sdf,rec_final_12-noH.pdb,12.2374
mol35,rec_10_mol35.sdf,rec_final_10-noH.pdb,12.0397
mol35,rec_18_mol35.sdf,rec_final_18-noH.pdb,11.1436
mol35,rec_5_mol35.sdf,rec_final_5-noH.pdb,11.0613
mol35,rec_4_mol35.sdf,rec_final_4-noH.pdb,11.0213
mol36,rec_20_mol36.sdf,rec_final_20-noH.pdb,17.3460
mol36,rec_2_mol36.sdf,rec_final_2-noH.pdb,16.6450
mol36,rec_9_mol36.sdf,rec_final_9-noH.pdb,16.2880
mol36,rec_13_mol36.sdf,rec_final_13-noH.pdb,15.7328
mol36,rec_16_mol36.sdf,rec_final_16-noH.pdb,15.6856
mol36,rec_14_mol36.sdf,rec_final_14-noH.pdb,14.8319
mol36,rec_6_mol36.sdf,rec_final_6-noH.pdb,14.6171
mol36,rec_7_mol36.sdf,rec_final_7-noH.pdb,14.5608
mol36,rec_17_mol36.sdf,rec_final_17-noH.pdb,14.5060
mol36,rec_8_mol36.sdf,rec_final_8-noH.pdb,14.2043
mol36,rec_11_mol36.sdf,rec_final_11-noH.pdb,14.0191
mol36,rec_19_mol36.sdf,rec_final_19-noH.pdb,13.4911
mol36,rec_3_mol36.sdf,rec_final_3-noH.pdb,13.2784
mol36,rec_10_mol36.sdf,rec_final_10-noH.pdb,12.9198
mol36,rec_15_mol36.sdf,rec_final_15-noH.pdb,12.8645
mol36,rec_1_mol36.sdf,rec_final_1-noH.pdb,12.7391
mol36,rec_12_mol36.sdf,rec_final_12-noH.pdb,12.6290
mol36,rec_18_mol36.sdf,rec_final_18-noH.pdb,12.4151
mol36,rec_4_mol36.sdf,rec_final_4-noH.pdb,12.3771
mol36,rec_5_mol36.sdf,rec_final_5-noH.pdb,11.4245
mol37,rec_7_mol37.sdf,rec_final_7-noH.pdb,23.8522
mol37,rec_20_mol37.sdf,rec_final_20-noH.pdb,23.6213
mol37,rec_16_mol37.sdf,rec_final_16-noH.pdb,23.3133
mol37,rec_17_mol37.sdf,rec_final_17-noH.pdb,22.8605
mol37,rec_8_mol37.sdf,rec_final_8-noH.pdb,22.7845
mol37,rec_2_mol37.sdf,rec_final_2-noH.pdb,22.6205
mol37,rec_11_mol37.sdf,rec_final_11-noH.pdb,21.7631
mol37,rec_15_mol37.sdf,rec_final_15-noH.pdb,21.6490
mol37,rec_14_mol37.sdf,rec_final_14-noH.pdb,21.4107
mol37,rec_9_mol37.sdf,rec_final_9-noH.pdb,21.2985
mol37,rec_13_mol37.sdf,rec_final_13-noH.pdb,21.1935
mol37,rec_6_mol37.sdf,rec_final_6-noH.pdb,20.8951
mol37,rec_19_mol37.sdf,rec_final_19-noH.pdb,19.6143
mol37,rec_12_mol37.sdf,rec_final_12-noH.pdb,18.9905
mol37,rec_3_mol37.sdf,rec_final_3-noH.pdb,18.7184
mol37,rec_18_mol37.sdf,rec_final_18-noH.pdb,18.6158
mol37,rec_5_mol37.sdf,rec_final_5-noH.pdb,17.6454
mol37,rec_10_mol37.sdf,rec_final_10-noH.pdb,17.4721
mol37,rec_4_mol37.sdf,rec_final_4-noH.pdb,16.3094
mol37,rec_1_mol37.sdf,rec_final_1-noH.pdb,16.0035
mol38,rec_20_mol38.sdf,rec_final_20-noH.pdb,13.3569
mol38,rec_2_mol38.sdf,rec_final_2-noH.pdb,13.2938
mol38,rec_19_mol38.sdf,rec_final_19-noH.pdb,13.1447
mol38,rec_13_mol38.sdf,rec_final_13-noH.pdb,12.6481
mol38,rec_7_mol38.sdf,rec_final_7-noH.pdb,12.4516
mol38,rec_9_mol38.sdf,rec_final_9-noH.pdb,12.3803
mol38,rec_16_mol38.sdf,rec_final_16-noH.pdb,12.2102
mol38,rec_17_mol38.sdf,rec_final_17-noH.pdb,11.9641
mol38,rec_8_mol38.sdf,rec_final_8-noH.pdb,11.9135
mol38,rec_18_mol38.sdf,rec_final_18-noH.pdb,11.8846
mol38,rec_3_mol38.sdf,rec_final_3-noH.pdb,11.8458
mol38,rec_14_mol38.sdf,rec_final_14-noH.pdb,11.8386
mol38,rec_6_mol38.sdf,rec_final_6-noH.pdb,11.7286
mol38,rec_15_mol38.sdf,rec_final_15-noH.pdb,11.7267
mol38,rec_11_mol38.sdf,rec_final_11-noH.pdb,11.5156
mol38,rec_12_mol38.sdf,rec_final_12-noH.pdb,10.9283
mol38,rec_5_mol38.sdf,rec_final_5-noH.pdb,10.7566
mol38,rec_4_mol38.sdf,rec_final_4-noH.pdb,10.7486
mol38,rec_10_mol38.sdf,rec_final_10-noH.pdb,10.7205
mol38,rec_1_mol38.sdf,rec_final_1-noH.pdb,10.2818
mol39,rec_5_mol39.sdf,rec_final_5-noH.pdb,16.4127
mol39,rec_10_mol39.sdf,rec_final_10-noH.pdb,16.4028
mol39,rec_17_mol39.sdf,rec_final_17-noH.pdb,14.9136
mol39,rec_6_mol39.sdf,rec_final_6-noH.pdb,14.8176
mol39,rec_19_mol39.sdf,rec_final_19-noH.pdb,14.7345
mol39,rec_7_mol39.sdf,rec_final_7-noH.pdb,14.6850
mol39,rec_20_mol39.sdf,rec_final_20-noH.pdb,14.6301
mol39,rec_2_mol39.sdf,rec_final_2-noH.pdb,14.4848
mol39,rec_11_mol39.sdf,rec_final_11-noH.pdb,14.4761
mol39,rec_13_mol39.sdf,rec_final_13-noH.pdb,14.1785
mol39,rec_14_mol39.sdf,rec_final_14-noH.pdb,14.1723
mol39,rec_9_mol39.sdf,rec_final_9-noH.pdb,13.7997
mol39,rec_3_mol39.sdf,rec_final_3-noH.pdb,13.4497
mol39,rec_18_mol39.sdf,rec_final_18-noH.pdb,13.4071
mol39,rec_8_mol39.sdf,rec_final_8-noH.pdb,12.8672
mol39,rec_16_mol39.sdf,rec_final_16-noH.pdb,12.8127
mol39,rec_15_mol39.sdf,rec_final_15-noH.pdb,12.7117
mol39,rec_12_mol39.sdf,rec_final_12-noH.pdb,12.6530
mol39,rec_1_mol39.sdf,rec_final_1-noH.pdb,12.5292
mol39,rec_4_mol39.sdf,rec_final_4-noH.pdb,11.2654
mol40,rec_17_mol40.sdf,rec_final_17-noH.pdb,15.4171
mol40,rec_7_mol40.sdf,rec_final_7-noH.pdb,14.7277
mol40,rec_6_mol40.sdf,rec_final_6-noH.pdb,14.5921
mol40,rec_8_mol40.sdf,rec_final_8-noH.pdb,14.3274
mol40,rec_9_mol40.sdf,rec_final_9-noH.pdb,13.8863
mol40,rec_13_mol40.sdf,rec_final_13-noH.pdb,13.8126
mol40,rec_16_mol40.sdf,rec_final_16-noH.pdb,13.7261
mol40,rec_3_mol40.sdf,rec_final_3-noH.pdb,13.6774
mol40,rec_4_mol40.sdf,rec_final_4-noH.pdb,13.6446
mol40,rec_10_mol40.sdf,rec_final_10-noH.pdb,13.6253
mol40,rec_15_mol40.sdf,rec_final_15-noH.pdb,13.3663
mol40,rec_1_mol40.sdf,rec_final_1-noH.pdb,12.9853
mol40,rec_5_mol40.sdf,rec_final_5-noH.pdb,12.8882
mol40,rec_14_mol40.sdf,rec_final_14-noH.pdb,12.4899
mol40,rec_20_mol40.sdf,rec_final_20-noH.pdb,12.4533
mol40,rec_19_mol40.sdf,rec_final_19-noH.pdb,11.9347
mol40,rec_2_mol40.sdf,rec_final_2-noH.pdb,11.3474
mol40,rec_11_mol40.sdf,rec_final_11-noH.pdb,11.1800
mol40,rec_18_mol40.sdf,rec_final_18-noH.pdb,10.8070
mol40,rec_12_mol40.sdf,rec_final_12-noH.pdb,10.4939
mol41,rec_17_mol41.sdf,rec_final_17-noH.pdb,24.3607
mol41,rec_7_mol41.sdf,rec_final_7-noH.pdb,24.1043
mol41,rec_11_mol41.sdf,rec_final_11-noH.pdb,23.7909
mol41,rec_20_mol41.sdf,rec_final_20-noH.pdb,23.4380
mol41,rec_19_mol41.sdf,rec_final_19-noH.pdb,23.3347
mol41,rec_8_mol41.sdf,rec_final_8-noH.pdb,22.8136
mol41,rec_13_mol41.sdf,rec_final_13-noH.pdb,22.3117
mol41,rec_3_mol41.sdf,rec_final_3-noH.pdb,22.1329
mol41,rec_14_mol41.sdf,rec_final_14-noH.pdb,21.5499
mol41,rec_4_mol41.sdf,rec_final_4-noH.pdb,21.4316
mol41,rec_12_mol41.sdf,rec_final_12-noH.pdb,21.3576
mol41,rec_2_mol41.sdf,rec_final_2-noH.pdb,21.3470
mol41,rec_18_mol41.sdf,rec_final_18-noH.pdb,21.0245
mol41,rec_9_mol41.sdf,rec_final_9-noH.pdb,20.9795
mol41,rec_16_mol41.sdf,rec_final_16-noH.pdb,20.7036
mol41,rec_15_mol41.sdf,rec_final_15-noH.pdb,20.1137
mol41,rec_5_mol41.sdf,rec_final_5-noH.pdb,19.7535
mol41,rec_10_mol41.sdf,rec_final_10-noH.pdb,19.2676
mol41,rec_1_mol41.sdf,rec_final_1-noH.pdb,15.5300
mol43,rec_20_mol43.sdf,rec_final_20-noH.pdb,27.0526
mol43,rec_16_mol43.sdf,rec_final_16-noH.pdb,26.6357
mol43,rec_6_mol43.sdf,rec_final_6-noH.pdb,25.8678
mol43,rec_19_mol43.sdf,rec_final_19-noH.pdb,25.4830
mol43,rec_3_mol43.sdf,rec_final_3-noH.pdb,24.9708
mol43,rec_17_mol43.sdf,rec_final_17-noH.pdb,24.9229
mol43,rec_7_mol43.sdf,rec_final_7-noH.pdb,24.8106
mol43,rec_8_mol43.sdf,rec_final_8-noH.pdb,24.2582
mol43,rec_14_mol43.sdf,rec_final_14-noH.pdb,24.1442
mol43,rec_13_mol43.sdf,rec_final_13-noH.pdb,23.8234
mol43,rec_5_mol43.sdf,rec_final_5-noH.pdb,23.7603
mol43,rec_12_mol43.sdf,rec_final_12-noH.pdb,23.7584
mol43,rec_11_mol43.sdf,rec_final_11-noH.pdb,23.5233
mol43,rec_9_mol43.sdf,rec_final_9-noH.pdb,23.1661
mol43,rec_2_mol43.sdf,rec_final_2-noH.pdb,23.1440
mol43,rec_18_mol43.sdf,rec_final_18-noH.pdb,23.0890
mol43,rec_15_mol43.sdf,rec_final_15-noH.pdb,21.7903
mol43,rec_4_mol43.sdf,rec_final_4-noH.pdb,21.1640
mol43,rec_10_mol43.sdf,rec_final_10-noH.pdb,20.0649
mol43,rec_1_mol43.sdf,rec_final_1-noH.pdb,19.3514
mol44,rec_9_mol44.sdf,rec_final_9-noH.pdb,23.0764
mol44,rec_8_mol44.sdf,rec_final_8-noH.pdb,22.8470
mol44,rec_2_mol44.sdf,rec_final_2-noH.pdb,22.7489
mol44,rec_13_mol44.sdf,rec_final_13-noH.pdb,22.3521
mol44,rec_17_mol44.sdf,rec_final_17-noH.pdb,21.6852
mol44,rec_7_mol44.sdf,rec_final_7-noH.pdb,21.3675
mol44,rec_6_mol44.sdf,rec_final_6-noH.pdb,21.1242
mol44,rec_19_mol44.sdf,rec_final_19-noH.pdb,20.6564
mol44,rec_18_mol44.sdf,rec_final_18-noH.pdb,20.6394
mol44,rec_3_mol44.sdf,rec_final_3-noH.pdb,20.0022
mol44,rec_20_mol44.sdf,rec_final_20-noH.pdb,19.7460
mol44,rec_5_mol44.sdf,rec_final_5-noH.pdb,19.7412
mol44,rec_11_mol44.sdf,rec_final_11-noH.pdb,19.7094
mol44,rec_14_mol44.sdf,rec_final_14-noH.pdb,19.5465
mol44,rec_16_mol44.sdf,rec_final_16-noH.pdb,19.2048
mol44,rec_12_mol44.sdf,rec_final_12-noH.pdb,19.0705
mol44,rec_1_mol44.sdf,rec_final_1-noH.pdb,18.9472
mol44,rec_15_mol44.sdf,rec_final_15-noH.pdb,18.2355
mol44,rec_4_mol44.sdf,rec_final_4-noH.pdb,17.0579
mol44,rec_10_mol44.sdf,rec_final_10-noH.pdb,16.8056
mol45,rec_17_mol45.sdf,rec_final_17-noH.pdb,25.4843
mol45,rec_12_mol45.sdf,rec_final_12-noH.pdb,24.7368
mol45,rec_20_mol45.sdf,rec_final_20-noH.pdb,24.6520
mol45,rec_6_mol45.sdf,rec_final_6-noH.pdb,24.6259
mol45,rec_19_mol45.sdf,rec_final_19-noH.pdb,24.2585
mol45,rec_8_mol45.sdf,rec_final_8-noH.pdb,23.9734
mol45,rec_13_mol45.sdf,rec_final_13-noH.pdb,23.6080
mol45,rec_3_mol45.sdf,rec_final_3-noH.pdb,23.3587
mol45,rec_4_mol45.sdf,rec_final_4-noH.pdb,23.1109
mol45,rec_2_mol45.sdf,rec_final_2-noH.pdb,23.0241
mol45,rec_18_mol45.sdf,rec_final_18-noH.pdb,22.9876
mol45,rec_5_mol45.sdf,rec_final_5-noH.pdb,22.9800
mol45,rec_9_mol45.sdf,rec_final_9-noH.pdb,22.5564
mol45,rec_11_mol45.sdf,rec_final_11-noH.pdb,22.5146
mol45,rec_14_mol45.sdf,rec_final_14-noH.pdb,22.4046
mol45,rec_16_mol45.sdf,rec_final_16-noH.pdb,21.8927
mol45,rec_7_mol45.sdf,rec_final_7-noH.pdb,21.4459
mol45,rec_15_mol45.sdf,rec_final_15-noH.pdb,21.4169
mol45,rec_10_mol45.sdf,rec_final_10-noH.pdb,19.7325
mol45,rec_1_mol45.sdf,rec_final_1-noH.pdb,16.2938
mol46,rec_7_mol46.sdf,rec_final_7-noH.pdb,22.4209
mol46,rec_16_mol46.sdf,rec_final_16-noH.pdb,21.3005
mol46,rec_11_mol46.sdf,rec_final_11-noH.pdb,21.1472
mol46,rec_17_mol46.sdf,rec_final_17-noH.pdb,20.9730
mol46,rec_2_mol46.sdf,rec_final_2-noH.pdb,20.9150
mol46,rec_20_mol46.sdf,rec_final_20-noH.pdb,20.7519
mol46,rec_8_mol46.sdf,rec_final_8-noH.pdb,20.7457
mol46,rec_3_mol46.sdf,rec_final_3-noH.pdb,20.6857
mol46,rec_12_mol46.sdf,rec_final_12-noH.pdb,20.4851
mol46,rec_15_mol46.sdf,rec_final_15-noH.pdb,20.1392
mol46,rec_14_mol46.sdf,rec_final_14-noH.pdb,19.9892
mol46,rec_9_mol46.sdf,rec_final_9-noH.pdb,19.4874
mol46,rec_13_mol46.sdf,rec_final_13-noH.pdb,19.3798
mol46,rec_18_mol46.sdf,rec_final_18-noH.pdb,19.1224
mol46,rec_6_mol46.sdf,rec_final_6-noH.pdb,18.6482
mol46,rec_5_mol46.sdf,rec_final_5-noH.pdb,18.1272
mol46,rec_10_mol46.sdf,rec_final_10-noH.pdb,17.9748
mol46,rec_19_mol46.sdf,rec_final_19-noH.pdb,17.9110
mol46,rec_1_mol46.sdf,rec_final_1-noH.pdb,16.5687
mol46,rec_4_mol46.sdf,rec_final_4-noH.pdb,14.9479
mol48,rec_14_mol48.sdf,rec_final_14-noH.pdb,19.1695
mol48,rec_2_mol48.sdf,rec_final_2-noH.pdb,19.1185
mol48,rec_11_mol48.sdf,rec_final_11-noH.pdb,18.6489
mol48,rec_9_mol48.sdf,rec_final_9-noH.pdb,18.0624
mol48,rec_16_mol48.sdf,rec_final_16-noH.pdb,17.6705
mol48,rec_13_mol48.sdf,rec_final_13-noH.pdb,17.6017
mol48,rec_10_mol48.sdf,rec_final_10-noH.pdb,16.7970
mol48,rec_20_mol48.sdf,rec_final_20-noH.pdb,16.7142
mol48,rec_18_mol48.sdf,rec_final_18-noH.pdb,16.6244
mol48,rec_17_mol48.sdf,rec_final_17-noH.pdb,16.5769
mol48,rec_7_mol48.sdf,rec_final_7-noH.pdb,16.4511
mol48,rec_19_mol48.sdf,rec_final_19-noH.pdb,16.4133
mol48,rec_8_mol48.sdf,rec_final_8-noH.pdb,16.3853
mol48,rec_15_mol48.sdf,rec_final_15-noH.pdb,16.2492
mol48,rec_3_mol48.sdf,rec_final_3-noH.pdb,16.0536
mol48,rec_6_mol48.sdf,rec_final_6-noH.pdb,15.9582
mol48,rec_4_mol48.sdf,rec_final_4-noH.pdb,15.3143
mol48,rec_1_mol48.sdf,rec_final_1-noH.pdb,14.9522
mol48,rec_5_mol48.sdf,rec_final_5-noH.pdb,12.4827
mol48,rec_12_mol48.sdf,rec_final_12-noH.pdb,10.9985
mol49,rec_20_mol49.sdf,rec_final_20-noH.pdb,25.3475
mol49,rec_7_mol49.sdf,rec_final_7-noH.pdb,24.8624
mol49,rec_19_mol49.sdf,rec_final_19-noH.pdb,24.7820
mol49,rec_8_mol49.sdf,rec_final_8-noH.pdb,24.7458
mol49,rec_17_mol49.sdf,rec_final_17-noH.pdb,24.5675
mol49,rec_11_mol49.sdf,rec_final_11-noH.pdb,24.4464
mol49,rec_6_mol49.sdf,rec_final_6-noH.pdb,24.2329
mol49,rec_3_mol49.sdf,rec_final_3-noH.pdb,23.8390
mol49,rec_2_mol49.sdf,rec_final_2-noH.pdb,23.7991
mol49,rec_9_mol49.sdf,rec_final_9-noH.pdb,23.5924
mol49,rec_13_mol49.sdf,rec_final_13-noH.pdb,23.5818
mol49,rec_14_mol49.sdf,rec_final_14-noH.pdb,23.5802
mol49,rec_5_mol49.sdf,rec_final_5-noH.pdb,22.7887
mol49,rec_15_mol49.sdf,rec_final_15-noH.pdb,22.5743
mol49,rec_16_mol49.sdf,rec_final_16-noH.pdb,22.5473
mol49,rec_12_mol49.sdf,rec_final_12-noH.pdb,22.4025
mol49,rec_18_mol49.sdf,rec_final_18-noH.pdb,21.9370
mol49,rec_4_mol49.sdf,rec_final_4-noH.pdb,21.7439
mol49,rec_10_mol49.sdf,rec_final_10-noH.pdb,21.2420
mol49,rec_1_mol49.sdf,rec_final_1-noH.pdb,19.2709
mol50,rec_3_mol50.sdf,rec_final_3-noH.pdb,24.4942
mol50,rec_6_mol50.sdf,rec_final_6-noH.pdb,24.1486
mol50,rec_17_mol50.sdf,rec_final_17-noH.pdb,23.9254
mol50,rec_20_mol50.sdf,rec_final_20-noH.pdb,23.9138
mol50,rec_7_mol50.sdf,rec_final_7-noH.pdb,22.8148
mol50,rec_8_mol50.sdf,rec_final_8-noH.pdb,22.7260
mol50,rec_12_mol50.sdf,rec_final_12-noH.pdb,22.6341
mol50,rec_18_mol50.sdf,rec_final_18-noH.pdb,22.5636
mol50,rec_19_mol50.sdf,rec_final_19-noH.pdb,22.4544
mol50,rec_2_mol50.sdf,rec_final_2-noH.pdb,22.1594
mol50,rec_11_mol50.sdf,rec_final_11-noH.pdb,21.9753
mol50,rec_16_mol50.sdf,rec_final_16-noH.pdb,21.9183
mol50,rec_13_mol50.sdf,rec_final_13-noH.pdb,21.2652
mol50,rec_4_mol50.sdf,rec_final_4-noH.pdb,21.2643
mol50,rec_14_mol50.sdf,rec_final_14-noH.pdb,21.2404
mol50,rec_9_mol50.sdf,rec_final_9-noH.pdb,21.0477
mol50,rec_5_mol50.sdf,rec_final_5-noH.pdb,20.3724
mol50,rec_15_mol50.sdf,rec_final_15-noH.pdb,19.2873
mol50,rec_1_mol50.sdf,rec_final_1-noH.pdb,18.2097
mol50,rec_10_mol50.sdf,rec_final_10-noH.pdb,18.0921
mol51,rec_9_mol51.sdf,rec_final_9-noH.pdb,22.1117
mol51,rec_18_mol51.sdf,rec_final_18-noH.pdb,21.3202
mol51,rec_5_mol51.sdf,rec_final_5-noH.pdb,20.5748
mol51,rec_6_mol51.sdf,rec_final_6-noH.pdb,20.2508
mol51,rec_12_mol51.sdf,rec_final_12-noH.pdb,19.6876
mol51,rec_17_mol51.sdf,rec_final_17-noH.pdb,17.3780
mol51,rec_19_mol51.sdf,rec_final_19-noH.pdb,15.7385
mol51,rec_3_mol51.sdf,rec_final_3-noH.pdb,15.4422
mol51,rec_13_mol51.sdf,rec_final_13-noH.pdb,15.2354
mol51,rec_16_mol51.sdf,rec_final_16-noH.pdb,15.1353
mol51,rec_20_mol51.sdf,rec_final_20-noH.pdb,15.0611
mol51,rec_7_mol51.sdf,rec_final_7-noH.pdb,14.7616
mol51,rec_10_mol51.sdf,rec_final_10-noH.pdb,14.7523
mol51,rec_2_mol51.sdf,rec_final_2-noH.pdb,14.6885
mol51,rec_4_mol51.sdf,rec_final_4-noH.pdb,14.2878
mol51,rec_11_mol51.sdf,rec_final_11-noH.pdb,14.1147
mol51,rec_8_mol51.sdf,rec_final_8-noH.pdb,13.9921
mol51,rec_15_mol51.sdf,rec_final_15-noH.pdb,13.6771
mol51,rec_1_mol51.sdf,rec_final_1-noH.pdb,13.3057
mol51,rec_14_mol51.sdf,rec_final_14-noH.pdb,12.8111
mol52,rec_6_mol52.sdf,rec_final_6-noH.pdb,23.7124
mol52,rec_13_mol52.sdf,rec_final_13-noH.pdb,18.4593
mol52,rec_14_mol52.sdf,rec_final_14-noH.pdb,18.2731
mol52,rec_19_mol52.sdf,rec_final_19-noH.pdb,17.2642
mol52,rec_10_mol52.sdf,rec_final_10-noH.pdb,16.6833
mol52,rec_17_mol52.sdf,rec_final_17-noH.pdb,16.4674
mol52,rec_15_mol52.sdf,rec_final_15-noH.pdb,16.3001
mol52,rec_8_mol52.sdf,rec_final_8-noH.pdb,15.9026
mol52,rec_2_mol52.sdf,rec_final_2-noH.pdb,15.6153
mol52,rec_4_mol52.sdf,rec_final_4-noH.pdb,15.5835
mol52,rec_20_mol52.sdf,rec_final_20-noH.pdb,15.4958
mol52,rec_3_mol52.sdf,rec_final_3-noH.pdb,14.9954
mol52,rec_5_mol52.sdf,rec_final_5-noH.pdb,14.9874
mol52,rec_9_mol52.sdf,rec_final_9-noH.pdb,14.8080
mol52,rec_18_mol52.sdf,rec_final_18-noH.pdb,14.7355
mol52,rec_16_mol52.sdf,rec_final_16-noH.pdb,14.6755
mol52,rec_7_mol52.sdf,rec_final_7-noH.pdb,14.4753
mol52,rec_1_mol52.sdf,rec_final_1-noH.pdb,13.9644
mol52,rec_12_mol52.sdf,rec_final_12-noH.pdb,13.8128
mol52,rec_11_mol52.sdf,rec_final_11-noH.pdb,13.3272
mol53,rec_6_mol53.sdf,rec_final_6-noH.pdb,23.5753
mol53,rec_2_mol53.sdf,rec_final_2-noH.pdb,23.1796
mol53,rec_14_mol53.sdf,rec_final_14-noH.pdb,22.8234
mol53,rec_15_mol53.sdf,rec_final_15-noH.pdb,22.5827
mol53,rec_9_mol53.sdf,rec_final_9-noH.pdb,22.5186
mol53,rec_8_mol53.sdf,rec_final_8-noH.pdb,22.1685
mol53,rec_3_mol53.sdf,rec_final_3-noH.pdb,22.1529
mol53,rec_13_mol53.sdf,rec_final_13-noH.pdb,22.0797
mol53,rec_19_mol53.sdf,rec_final_19-noH.pdb,21.9750
mol53,rec_7_mol53.sdf,rec_final_7-noH.pdb,21.6735
mol53,rec_20_mol53.sdf,rec_final_20-noH.pdb,21.2370
mol53,rec_5_mol53.sdf,rec_final_5-noH.pdb,20.6795
mol53,rec_16_mol53.sdf,rec_final_16-noH.pdb,20.2799
mol53,rec_18_mol53.sdf,rec_final_18-noH.pdb,20.1231
mol53,rec_10_mol53.sdf,rec_final_10-noH.pdb,19.9266
mol53,rec_1_mol53.sdf,rec_final_1-noH.pdb,19.6846
mol53,rec_17_mol53.sdf,rec_final_17-noH.pdb,19.6689
mol53,rec_4_mol53.sdf,rec_final_4-noH.pdb,19.2385
mol53,rec_12_mol53.sdf,rec_final_12-noH.pdb,18.4200
mol53,rec_11_mol53.sdf,rec_final_11-noH.pdb,18.0680
mol54,rec_17_mol54.sdf,rec_final_17-noH.pdb,23.9073
mol54,rec_2_mol54.sdf,rec_final_2-noH.pdb,23.5930
mol54,rec_3_mol54.sdf,rec_final_3-noH.pdb,21.8317
mol54,rec_6_mol54.sdf,rec_final_6-noH.pdb,20.8431
mol54,rec_10_mol54.sdf,rec_final_10-noH.pdb,19.6812
mol54,rec_1_mol54.sdf,rec_final_1-noH.pdb,19.1877
mol54,rec_7_mol54.sdf,rec_final_7-noH.pdb,19.0975
mol54,rec_16_mol54.sdf,rec_final_16-noH.pdb,18.9716
mol54,rec_19_mol54.sdf,rec_final_19-noH.pdb,18.9572
mol54,rec_11_mol54.sdf,rec_final_11-noH.pdb,18.7929
mol54,rec_9_mol54.sdf,rec_final_9-noH.pdb,18.2844
mol54,rec_20_mol54.sdf,rec_final_20-noH.pdb,18.0732
mol54,rec_8_mol54.sdf,rec_final_8-noH.pdb,17.9874
mol54,rec_5_mol54.sdf,rec_final_5-noH.pdb,17.7709
mol54,rec_18_mol54.sdf,rec_final_18-noH.pdb,17.6182
mol54,rec_13_mol54.sdf,rec_final_13-noH.pdb,17.3245
mol54,rec_12_mol54.sdf,rec_final_12-noH.pdb,17.1664
mol54,rec_15_mol54.sdf,rec_final_15-noH.pdb,17.0502
mol54,rec_14_mol54.sdf,rec_final_14-noH.pdb,16.1926
mol54,rec_4_mol54.sdf,rec_final_4-noH.pdb,15.1672
mol55,rec_20_mol55.sdf,rec_final_20-noH.pdb,25.9038
mol55,rec_17_mol55.sdf,rec_final_17-noH.pdb,23.7145
mol55,rec_3_mol55.sdf,rec_final_3-noH.pdb,22.9973
mol55,rec_19_mol55.sdf,rec_final_19-noH.pdb,22.9683
mol55,rec_6_mol55.sdf,rec_final_6-noH.pdb,22.6994
mol55,rec_8_mol55.sdf,rec_final_8-noH.pdb,22.5555
mol55,rec_16_mol55.sdf,rec_final_16-noH.pdb,22.1775
mol55,rec_12_mol55.sdf,rec_final_12-noH.pdb,22.0086
mol55,rec_11_mol55.sdf,rec_final_11-noH.pdb,21.9830
mol55,rec_9_mol55.sdf,rec_final_9-noH.pdb,21.9294
mol55,rec_2_mol55.sdf,rec_final_2-noH.pdb,21.8092
mol55,rec_13_mol55.sdf,rec_final_13-noH.pdb,21.0178
mol55,rec_7_mol55.sdf,rec_final_7-noH.pdb,20.7845
mol55,rec_5_mol55.sdf,rec_final_5-noH.pdb,20.4199
mol55,rec_15_mol55.sdf,rec_final_15-noH.pdb,20.0230
mol55,rec_14_mol55.sdf,rec_final_14-noH.pdb,20.0160
mol55,rec_4_mol55.sdf,rec_final_4-noH.pdb,19.9415
mol55,rec_18_mol55.sdf,rec_final_18-noH.pdb,19.9359
mol55,rec_10_mol55.sdf,rec_final_10-noH.pdb,19.1246
mol55,rec_1_mol55.sdf,rec_final_1-noH.pdb,18.1927
mol56,rec_7_mol56.sdf,rec_final_7-noH.pdb,27.1942
mol56,rec_8_mol56.sdf,rec_final_8-noH.pdb,27.1541
mol56,rec_16_mol56.sdf,rec_final_16-noH.pdb,26.2916
mol56,rec_17_mol56.sdf,rec_final_17-noH.pdb,25.8141
mol56,rec_2_mol56.sdf,rec_final_2-noH.pdb,25.7271
mol56,rec_11_mol56.sdf,rec_final_11-noH.pdb,25.5156
mol56,rec_13_mol56.sdf,rec_final_13-noH.pdb,25.2612
mol56,rec_9_mol56.sdf,rec_final_9-noH.pdb,24.6865
mol56,rec_15_mol56.sdf,rec_final_15-noH.pdb,24.6677
mol56,rec_18_mol56.sdf,rec_final_18-noH.pdb,24.4839
mol56,rec_3_mol56.sdf,rec_final_3-noH.pdb,23.6835
mol56,rec_6_mol56.sdf,rec_final_6-noH.pdb,23.6274
mol56,rec_19_mol56.sdf,rec_final_19-noH.pdb,23.5465
mol56,rec_14_mol56.sdf,rec_final_14-noH.pdb,22.3191
mol56,rec_20_mol56.sdf,rec_final_20-noH.pdb,22.0499
mol56,rec_12_mol56.sdf,rec_final_12-noH.pdb,21.2975
mol56,rec_10_mol56.sdf,rec_final_10-noH.pdb,21.2316
mol56,rec_4_mol56.sdf,rec_final_4-noH.pdb,20.4546
mol56,rec_5_mol56.sdf,rec_final_5-noH.pdb,20.2346
mol56,rec_1_mol56.sdf,rec_final_1-noH.pdb,17.5653
mol57,rec_17_mol57.sdf,rec_final_17-noH.pdb,22.9895
mol57,rec_8_mol57.sdf,rec_final_8-noH.pdb,22.9467
mol57,rec_20_mol57.sdf,rec_final_20-noH.pdb,22.6557
mol57,rec_16_mol57.sdf,rec_final_16-noH.pdb,22.6535
mol57,rec_15_mol57.sdf,rec_final_15-noH.pdb,22.5821
mol57,rec_11_mol57.sdf,rec_final_11-noH.pdb,22.4068
mol57,rec_14_mol57.sdf,rec_final_14-noH.pdb,22.3053
mol57,rec_2_mol57.sdf,rec_final_2-noH.pdb,22.2435
mol57,rec_13_mol57.sdf,rec_final_13-noH.pdb,22.2377
mol57,rec_9_mol57.sdf,rec_final_9-noH.pdb,22.2252
mol57,rec_12_mol57.sdf,rec_final_12-noH.pdb,22.0190
mol57,rec_6_mol57.sdf,rec_final_6-noH.pdb,20.5006
mol57,rec_18_mol57.sdf,rec_final_18-noH.pdb,20.3849
mol57,rec_5_mol57.sdf,rec_final_5-noH.pdb,20.3718
mol57,rec_4_mol57.sdf,rec_final_4-noH.pdb,20.1376
mol57,rec_7_mol57.sdf,rec_final_7-noH.pdb,20.0122
mol57,rec_3_mol57.sdf,rec_final_3-noH.pdb,19.7142
mol57,rec_19_mol57.sdf,rec_final_19-noH.pdb,19.5596
mol57,rec_10_mol57.sdf,rec_final_10-noH.pdb,17.1212
mol57,rec_1_mol57.sdf,rec_final_1-noH.pdb,15.8614
mol58,rec_3_mol58.sdf,rec_final_3-noH.pdb,16.9960
mol58,rec_6_mol58.sdf,rec_final_6-noH.pdb,16.9756
mol58,rec_17_mol58.sdf,rec_final_17-noH.pdb,16.8615
mol58,rec_2_mol58.sdf,rec_final_2-noH.pdb,15.9922
mol58,rec_9_mol58.sdf,rec_final_9-noH.pdb,15.6881
mol58,rec_13_mol58.sdf,rec_final_13-noH.pdb,15.6366
mol58,rec_11_mol58.sdf,rec_final_11-noH.pdb,15.5486
mol58,rec_7_mol58.sdf,rec_final_7-noH.pdb,15.0193
mol58,rec_19_mol58.sdf,rec_final_19-noH.pdb,14.7920
mol58,rec_16_mol58.sdf,rec_final_16-noH.pdb,14.7521
mol58,rec_8_mol58.sdf,rec_final_8-noH.pdb,14.6979
mol58,rec_14_mol58.sdf,rec_final_14-noH.pdb,14.6973
mol58,rec_1_mol58.sdf,rec_final_1-noH.pdb,14.6323
mol58,rec_5_mol58.sdf,rec_final_5-noH.pdb,14.6094
mol58,rec_18_mol58.sdf,rec_final_18-noH.pdb,14.5187
mol58,rec_20_mol58.sdf,rec_final_20-noH.pdb,14.3698
mol58,rec_10_mol58.sdf,rec_final_10-noH.pdb,13.9664
mol58,rec_12_mol58.sdf,rec_final_12-noH.pdb,13.9169
mol58,rec_15_mol58.sdf,rec_final_15-noH.pdb,13.7952
mol58,rec_4_mol58.sdf,rec_final_4-noH.pdb,13.6679
mol59,rec_20_mol59.sdf,rec_final_20-noH.pdb,24.9354
mol59,rec_12_mol59.sdf,rec_final_12-noH.pdb,24.6126
mol59,rec_6_mol59.sdf,rec_final_6-noH.pdb,24.2360
mol59,rec_19_mol59.sdf,rec_final_19-noH.pdb,23.9920
mol59,rec_15_mol59.sdf,rec_final_15-noH.pdb,22.8942
mol59,rec_8_mol59.sdf,rec_final_8-noH.pdb,22.8481
mol59,rec_2_mol59.sdf,rec_final_2-noH.pdb,22.7311
mol59,rec_7_mol59.sdf,rec_final_7-noH.pdb,22.6604
mol59,rec_1_mol59.sdf,rec_final_1-noH.pdb,22.5069
mol59,rec_11_mol59.sdf,rec_final_11-noH.pdb,22.4361
mol59,rec_18_mol59.sdf,rec_final_18-noH.pdb,22.1775
mol59,rec_9_mol59.sdf,rec_final_9-noH.pdb,21.5148
mol59,rec_13_mol59.sdf,rec_final_13-noH.pdb,21.5039
mol59,rec_14_mol59.sdf,rec_final_14-noH.pdb,20.8206
mol59,rec_4_mol59.sdf,rec_final_4-noH.pdb,20.6745
mol59,rec_3_mol59.sdf,rec_final_3-noH.pdb,19.4501
mol59,rec_10_mol59.sdf,rec_final_10-noH.pdb,19.1526
mol59,rec_5_mol59.sdf,rec_final_5-noH.pdb,19.1155
mol59,rec_16_mol59.sdf,rec_final_16-noH.pdb,19.0423
mol60,rec_11_mol60.sdf,rec_final_11-noH.pdb,27.4019
mol60,rec_6_mol60.sdf,rec_final_6-noH.pdb,24.2714
mol60,rec_19_mol60.sdf,rec_final_19-noH.pdb,23.8850
mol60,rec_20_mol60.sdf,rec_final_20-noH.pdb,23.8380
mol60,rec_3_mol60.sdf,rec_final_3-noH.pdb,22.8102
mol60,rec_12_mol60.sdf,rec_final_12-noH.pdb,22.5734
mol60,rec_7_mol60.sdf,rec_final_7-noH.pdb,22.0974
mol60,rec_2_mol60.sdf,rec_final_2-noH.pdb,21.9844
mol60,rec_4_mol60.sdf,rec_final_4-noH.pdb,21.6719
mol60,rec_16_mol60.sdf,rec_final_16-noH.pdb,21.2691
mol60,rec_17_mol60.sdf,rec_final_17-noH.pdb,21.2047
mol60,rec_13_mol60.sdf,rec_final_13-noH.pdb,21.1332
mol60,rec_14_mol60.sdf,rec_final_14-noH.pdb,20.8088
mol60,rec_9_mol60.sdf,rec_final_9-noH.pdb,20.6377
mol60,rec_18_mol60.sdf,rec_final_18-noH.pdb,20.4747
mol60,rec_5_mol60.sdf,rec_final_5-noH.pdb,20.0005
mol60,rec_15_mol60.sdf,rec_final_15-noH.pdb,19.5263
mol60,rec_10_mol60.sdf,rec_final_10-noH.pdb,18.1088
mol60,rec_1_mol60.sdf,rec_final_1-noH.pdb,17.9147
mol61,rec_19_mol61.sdf,rec_final_19-noH.pdb,18.7202
mol61,rec_16_mol61.sdf,rec_final_16-noH.pdb,18.6035
mol61,rec_13_mol61.sdf,rec_final_13-noH.pdb,18.4497
mol61,rec_8_mol61.sdf,rec_final_8-noH.pdb,17.9648
mol61,rec_9_mol61.sdf,rec_final_9-noH.pdb,17.5085
mol61,rec_10_mol61.sdf,rec_final_10-noH.pdb,17.0146
mol61,rec_17_mol61.sdf,rec_final_17-noH.pdb,12.8597
mol61,rec_20_mol61.sdf,rec_final_20-noH.pdb,12.8144
mol61,rec_6_mol61.sdf,rec_final_6-noH.pdb,12.7999
mol61,rec_14_mol61.sdf,rec_final_14-noH.pdb,12.4433
mol61,rec_15_mol61.sdf,rec_final_15-noH.pdb,12.3540
mol61,rec_7_mol61.sdf,rec_final_7-noH.pdb,12.2146
mol61,rec_2_mol61.sdf,rec_final_2-noH.pdb,12.1144
mol61,rec_3_mol61.sdf,rec_final_3-noH.pdb,12.0839
mol61,rec_1_mol61.sdf,rec_final_1-noH.pdb,12.0531
mol61,rec_11_mol61.sdf,rec_final_11-noH.pdb,11.8671
mol61,rec_12_mol61.sdf,rec_final_12-noH.pdb,11.7326
mol61,rec_5_mol61.sdf,rec_final_5-noH.pdb,11.6895
mol61,rec_18_mol61.sdf,rec_final_18-noH.pdb,11.1968
mol61,rec_4_mol61.sdf,rec_final_4-noH.pdb,10.4039
mol62,rec_6_mol62.sdf,rec_final_6-noH.pdb,21.0975
mol62,rec_14_mol62.sdf,rec_final_14-noH.pdb,19.1723
mol62,rec_8_mol62.sdf,rec_final_8-noH.pdb,19.0371
mol62,rec_2_mol62.sdf,rec_final_2-noH.pdb,18.4509
mol62,rec_16_mol62.sdf,rec_final_16-noH.pdb,18.3606
mol62,rec_11_mol62.sdf,rec_final_11-noH.pdb,17.7170
mol62,rec_7_mol62.sdf,rec_final_7-noH.pdb,17.4478
mol62,rec_18_mol62.sdf,rec_final_18-noH.pdb,17.3463
mol62,rec_19_mol62.sdf,rec_final_19-noH.pdb,17.2784
mol62,rec_20_mol62.sdf,rec_final_20-noH.pdb,16.8162
mol62,rec_15_mol62.sdf,rec_final_15-noH.pdb,16.8030
mol62,rec_13_mol62.sdf,rec_final_13-noH.pdb,16.7950
mol62,rec_17_mol62.sdf,rec_final_17-noH.pdb,16.6511
mol62,rec_10_mol62.sdf,rec_final_10-noH.pdb,16.5246
mol62,rec_9_mol62.sdf,rec_final_9-noH.pdb,16.4909
mol62,rec_4_mol62.sdf,rec_final_4-noH.pdb,15.7848
mol62,rec_5_mol62.sdf,rec_final_5-noH.pdb,15.4445
mol62,rec_1_mol62.sdf,rec_final_1-noH.pdb,15.3334
mol62,rec_3_mol62.sdf,rec_final_3-noH.pdb,14.5986
mol62,rec_12_mol62.sdf,rec_final_12-noH.pdb,10.8222
mol63,rec_7_mol63.sdf,rec_final_7-noH.pdb,25.5709
mol63,rec_2_mol63.sdf,rec_final_2-noH.pdb,22.5373
mol63,rec_9_mol63.sdf,rec_final_9-noH.pdb,21.4001
mol63,rec_15_mol63.sdf,rec_final_15-noH.pdb,20.7996
mol63,rec_6_mol63.sdf,rec_final_6-noH.pdb,20.7209
mol63,rec_3_mol63.sdf,rec_final_3-noH.pdb,20.5401
mol63,rec_19_mol63.sdf,rec_final_19-noH.pdb,20.4241
mol63,rec_14_mol63.sdf,rec_final_14-noH.pdb,20.0018
mol63,rec_20_mol63.sdf,rec_final_20-noH.pdb,19.9930
mol63,rec_18_mol63.sdf,rec_final_18-noH.pdb,19.7177
mol63,rec_17_mol63.sdf,rec_final_17-noH.pdb,19.5148
mol63,rec_8_mol63.sdf,rec_final_8-noH.pdb,18.9968
mol63,rec_13_mol63.sdf,rec_final_13-noH.pdb,18.7640
mol63,rec_11_mol63.sdf,rec_final_11-noH.pdb,18.7530
mol63,rec_10_mol63.sdf,rec_final_10-noH.pdb,18.0896
mol63,rec_12_mol63.sdf,rec_final_12-noH.pdb,17.7435
mol63,rec_16_mol63.sdf,rec_final_16-noH.pdb,17.6165
mol63,rec_1_mol63.sdf,rec_final_1-noH.pdb,17.4407
mol63,rec_5_mol63.sdf,rec_final_5-noH.pdb,17.1734
mol63,rec_4_mol63.sdf,rec_final_4-noH.pdb,16.6943
mol64,rec_7_mol64.sdf,rec_final_7-noH.pdb,25.3609
mol64,rec_8_mol64.sdf,rec_final_8-noH.pdb,25.2586
mol64,rec_17_mol64.sdf,rec_final_17-noH.pdb,25.0355
mol64,rec_2_mol64.sdf,rec_final_2-noH.pdb,24.5320
mol64,rec_16_mol64.sdf,rec_final_16-noH.pdb,24.4434
mol64,rec_3_mol64.sdf,rec_final_3-noH.pdb,24.1944
mol64,rec_14_mol64.sdf,rec_final_14-noH.pdb,24.0925
mol64,rec_20_mol64.sdf,rec_final_20-noH.pdb,24.0406
mol64,rec_9_mol64.sdf,rec_final_9-noH.pdb,23.2853
mol64,rec_18_mol64.sdf,rec_final_18-noH.pdb,23.1804
mol64,rec_15_mol64.sdf,rec_final_15-noH.pdb,23.0811
mol64,rec_13_mol64.sdf,rec_final_13-noH.pdb,22.8343
mol64,rec_19_mol64.sdf,rec_final_19-noH.pdb,21.3756
mol64,rec_6_mol64.sdf,rec_final_6-noH.pdb,20.3555
mol64,rec_10_mol64.sdf,rec_final_10-noH.pdb,19.8626
mol64,rec_5_mol64.sdf,rec_final_5-noH.pdb,19.4069
mol64,rec_12_mol64.sdf,rec_final_12-noH.pdb,19.3530
mol64,rec_11_mol64.sdf,rec_final_11-noH.pdb,19.2865
mol64,rec_4_mol64.sdf,rec_final_4-noH.pdb,18.2103
mol64,rec_1_mol64.sdf,rec_final_1-noH.pdb,17.1804
mol65,rec_8_mol65.sdf,rec_final_8-noH.pdb,26.1351
mol65,rec_16_mol65.sdf,rec_final_16-noH.pdb,25.2849
mol65,rec_2_mol65.sdf,rec_final_2-noH.pdb,24.7555
mol65,rec_15_mol65.sdf,rec_final_15-noH.pdb,24.5633
mol65,rec_9_mol65.sdf,rec_final_9-noH.pdb,24.5456
mol65,rec_17_mol65.sdf,rec_final_17-noH.pdb,24.4871
mol65,rec_20_mol65.sdf,rec_final_20-noH.pdb,24.4157
mol65,rec_14_mol65.sdf,rec_final_14-noH.pdb,24.1380
mol65,rec_13_mol65.sdf,rec_final_13-noH.pdb,24.0705
mol65,rec_3_mol65.sdf,rec_final_3-noH.pdb,23.6780
mol65,rec_18_mol65.sdf,rec_final_18-noH.pdb,23.2571
mol65,rec_6_mol65.sdf,rec_final_6-noH.pdb,22.9078
mol65,rec_19_mol65.sdf,rec_final_19-noH.pdb,22.2712
mol65,rec_12_mol65.sdf,rec_final_12-noH.pdb,21.4648
mol65,rec_5_mol65.sdf,rec_final_5-noH.pdb,20.4853
mol65,rec_7_mol65.sdf,rec_final_7-noH.pdb,19.7615
mol65,rec_11_mol65.sdf,rec_final_11-noH.pdb,18.8107
mol65,rec_4_mol65.sdf,rec_final_4-noH.pdb,18.7556
mol65,rec_10_mol65.sdf,rec_final_10-noH.pdb,18.5394
mol65,rec_1_mol65.sdf,rec_final_1-noH.pdb,17.9668
mol66,rec_6_mol66.sdf,rec_final_6-noH.pdb,20.5577
mol66,rec_8_mol66.sdf,rec_final_8-noH.pdb,19.1242
mol66,rec_4_mol66.sdf,rec_final_4-noH.pdb,18.8478
mol66,rec_2_mol66.sdf,rec_final_2-noH.pdb,18.6131
mol66,rec_19_mol66.sdf,rec_final_19-noH.pdb,18.2528
mol66,rec_13_mol66.sdf,rec_final_13-noH.pdb,15.1749
mol66,rec_12_mol66.sdf,rec_final_12-noH.pdb,14.3929
mol66,rec_20_mol66.sdf,rec_final_20-noH.pdb,14.3818
mol66,rec_7_mol66.sdf,rec_final_7-noH.pdb,14.1277
mol66,rec_10_mol66.sdf,rec_final_10-noH.pdb,13.9806
mol66,rec_11_mol66.sdf,rec_final_11-noH.pdb,13.9310
mol66,rec_9_mol66.sdf,rec_final_9-noH.pdb,13.9058
mol66,rec_14_mol66.sdf,rec_final_14-noH.pdb,13.8750
mol66,rec_17_mol66.sdf,rec_final_17-noH.pdb,13.5793
mol66,rec_16_mol66.sdf,rec_final_16-noH.pdb,13.4208
mol66,rec_3_mol66.sdf,rec_final_3-noH.pdb,13.1198
mol66,rec_18_mol66.sdf,rec_final_18-noH.pdb,13.1157
mol66,rec_1_mol66.sdf,rec_final_1-noH.pdb,12.5990
mol66,rec_15_mol66.sdf,rec_final_15-noH.pdb,11.7168
mol66,rec_5_mol66.sdf,rec_final_5-noH.pdb,11.2323
mol67,rec_7_mol67.sdf,rec_final_7-noH.pdb,26.5946
mol67,rec_13_mol67.sdf,rec_final_13-noH.pdb,25.5896
mol67,rec_9_mol67.sdf,rec_final_9-noH.pdb,24.8880
mol67,rec_3_mol67.sdf,rec_final_3-noH.pdb,24.2822
mol67,rec_14_mol67.sdf,rec_final_14-noH.pdb,22.0629
mol67,rec_6_mol67.sdf,rec_final_6-noH.pdb,21.8419
mol67,rec_17_mol67.sdf,rec_final_17-noH.pdb,21.7246
mol67,rec_19_mol67.sdf,rec_final_19-noH.pdb,21.5279
mol67,rec_8_mol67.sdf,rec_final_8-noH.pdb,21.4122
mol67,rec_20_mol67.sdf,rec_final_20-noH.pdb,21.3685
mol67,rec_10_mol67.sdf,rec_final_10-noH.pdb,21.3369
mol67,rec_2_mol67.sdf,rec_final_2-noH.pdb,19.8765
mol67,rec_18_mol67.sdf,rec_final_18-noH.pdb,19.5810
mol67,rec_4_mol67.sdf,rec_final_4-noH.pdb,19.5461
mol67,rec_15_mol67.sdf,rec_final_15-noH.pdb,19.4097
mol67,rec_16_mol67.sdf,rec_final_16-noH.pdb,19.3899
mol67,rec_11_mol67.sdf,rec_final_11-noH.pdb,18.7387
mol67,rec_12_mol67.sdf,rec_final_12-noH.pdb,18.3201
mol67,rec_1_mol67.sdf,rec_final_1-noH.pdb,18.2606
mol68,rec_18_mol68.sdf,rec_final_18-noH.pdb,22.3396
mol68,rec_1_mol68.sdf,rec_final_1-noH.pdb,20.9509
mol68,rec_7_mol68.sdf,rec_final_7-noH.pdb,20.7501
mol68,rec_19_mol68.sdf,rec_final_19-noH.pdb,20.4145
mol68,rec_5_mol68.sdf,rec_final_5-noH.pdb,20.2751
mol68,rec_2_mol68.sdf,rec_final_2-noH.pdb,19.7960
mol68,rec_17_mol68.sdf,rec_final_17-noH.pdb,19.7855
mol68,rec_14_mol68.sdf,rec_final_14-noH.pdb,19.6169
mol68,rec_3_mol68.sdf,rec_final_3-noH.pdb,19.3649
mol68,rec_20_mol68.sdf,rec_final_20-noH.pdb,19.1558
mol68,rec_11_mol68.sdf,rec_final_11-noH.pdb,18.8246
mol68,rec_8_mol68.sdf,rec_final_8-noH.pdb,18.7713
mol68,rec_6_mol68.sdf,rec_final_6-noH.pdb,18.7679
mol68,rec_9_mol68.sdf,rec_final_9-noH.pdb,18.5371
mol68,rec_16_mol68.sdf,rec_final_16-noH.pdb,17.8346
mol68,rec_13_mol68.sdf,rec_final_13-noH.pdb,16.9745
mol68,rec_4_mol68.sdf,rec_final_4-noH.pdb,16.8026
mol68,rec_15_mol68.sdf,rec_final_15-noH.pdb,16.4783
mol68,rec_10_mol68.sdf,rec_final_10-noH.pdb,15.8971
mol68,rec_12_mol68.sdf,rec_final_12-noH.pdb,15.5363
mol69,rec_13_mol69.sdf,rec_final_13-noH.pdb,25.0295
mol69,rec_11_mol69.sdf,rec_final_11-noH.pdb,23.8444
mol69,rec_7_mol69.sdf,rec_final_7-noH.pdb,23.2784
mol69,rec_6_mol69.sdf,rec_final_6-noH.pdb,22.5556
mol69,rec_10_mol69.sdf,rec_final_10-noH.pdb,22.3835
mol69,rec_19_mol69.sdf,rec_final_19-noH.pdb,21.6353
mol69,rec_20_mol69.sdf,rec_final_20-noH.pdb,20.7875
mol69,rec_18_mol69.sdf,rec_final_18-noH.pdb,20.3835
mol69,rec_8_mol69.sdf,rec_final_8-noH.pdb,20.3829
mol69,rec_5_mol69.sdf,rec_final_5-noH.pdb,19.5683
mol69,rec_17_mol69.sdf,rec_final_17-noH.pdb,19.4969
mol69,rec_16_mol69.sdf,rec_final_16-noH.pdb,19.3135
mol69,rec_4_mol69.sdf,rec_final_4-noH.pdb,19.1956
mol69,rec_3_mol69.sdf,rec_final_3-noH.pdb,19.0530
mol69,rec_12_mol69.sdf,rec_final_12-noH.pdb,18.9144
mol69,rec_9_mol69.sdf,rec_final_9-noH.pdb,18.7045
mol69,rec_15_mol69.sdf,rec_final_15-noH.pdb,16.9648
mol69,rec_2_mol69.sdf,rec_final_2-noH.pdb,14.8073
mol69,rec_14_mol69.sdf,rec_final_14-noH.pdb,14.7459
mol69,rec_1_mol69.sdf,rec_final_1-noH.pdb,14.1424
mol70,rec_2_mol70.sdf,rec_final_2-noH.pdb,19.6875
mol70,rec_1_mol70.sdf,rec_final_1-noH.pdb,18.8295
mol70,rec_12_mol70.sdf,rec_final_12-noH.pdb,18.4383
mol70,rec_8_mol70.sdf,rec_final_8-noH.pdb,17.9570
mol70,rec_18_mol70.sdf,rec_final_18-noH.pdb,17.8095
mol70,rec_10_mol70.sdf,rec_final_10-noH.pdb,17.4718
mol70,rec_14_mol70.sdf,rec_final_14-noH.pdb,17.2961
mol70,rec_7_mol70.sdf,rec_final_7-noH.pdb,15.8760
mol70,rec_20_mol70.sdf,rec_final_20-noH.pdb,15.7352
mol70,rec_17_mol70.sdf,rec_final_17-noH.pdb,15.1907
mol70,rec_3_mol70.sdf,rec_final_3-noH.pdb,15.0338
mol70,rec_16_mol70.sdf,rec_final_16-noH.pdb,15.0150
mol70,rec_9_mol70.sdf,rec_final_9-noH.pdb,14.9948
mol70,rec_13_mol70.sdf,rec_final_13-noH.pdb,14.4359
mol70,rec_15_mol70.sdf,rec_final_15-noH.pdb,13.4504
mol70,rec_4_mol70.sdf,rec_final_4-noH.pdb,13.1822
mol70,rec_19_mol70.sdf,rec_final_19-noH.pdb,12.9219
mol70,rec_11_mol70.sdf,rec_final_11-noH.pdb,12.9058
mol70,rec_6_mol70.sdf,rec_final_6-noH.pdb,12.8034
mol70,rec_5_mol70.sdf,rec_final_5-noH.pdb,12.1749
mol71,rec_7_mol71.sdf,rec_final_7-noH.pdb,22.4169
mol71,rec_16_mol71.sdf,rec_final_16-noH.pdb,20.9761
mol71,rec_17_mol71.sdf,rec_final_17-noH.pdb,20.9713
mol71,rec_2_mol71.sdf,rec_final_2-noH.pdb,20.9147
mol71,rec_20_mol71.sdf,rec_final_20-noH.pdb,20.7510
mol71,rec_8_mol71.sdf,rec_final_8-noH.pdb,20.7485
mol71,rec_3_mol71.sdf,rec_final_3-noH.pdb,20.6852
mol71,rec_12_mol71.sdf,rec_final_12-noH.pdb,20.4860
mol71,rec_15_mol71.sdf,rec_final_15-noH.pdb,20.1425
mol71,rec_14_mol71.sdf,rec_final_14-noH.pdb,20.0331
mol71,rec_9_mol71.sdf,rec_final_9-noH.pdb,19.4892
mol71,rec_13_mol71.sdf,rec_final_13-noH.pdb,19.3807
mol71,rec_18_mol71.sdf,rec_final_18-noH.pdb,19.1213
mol71,rec_11_mol71.sdf,rec_final_11-noH.pdb,18.7581
mol71,rec_6_mol71.sdf,rec_final_6-noH.pdb,18.6481
mol71,rec_5_mol71.sdf,rec_final_5-noH.pdb,18.1274
mol71,rec_10_mol71.sdf,rec_final_10-noH.pdb,17.9783
mol71,rec_19_mol71.sdf,rec_final_19-noH.pdb,17.9113
mol71,rec_1_mol71.sdf,rec_final_1-noH.pdb,16.5644
mol71,rec_4_mol71.sdf,rec_final_4-noH.pdb,15.0220
mol72,rec_6_mol72.sdf,rec_final_6-noH.pdb,22.6707
mol72,rec_20_mol72.sdf,rec_final_20-noH.pdb,22.2585
mol72,rec_8_mol72.sdf,rec_final_8-noH.pdb,21.7129
mol72,rec_14_mol72.sdf,rec_final_14-noH.pdb,21.2070
mol72,rec_19_mol72.sdf,rec_final_19-noH.pdb,19.2279
mol72,rec_13_mol72.sdf,rec_final_13-noH.pdb,18.8543
mol72,rec_9_mol72.sdf,rec_final_9-noH.pdb,18.6237
mol72,rec_3_mol72.sdf,rec_final_3-noH.pdb,17.9959
mol72,rec_10_mol72.sdf,rec_final_10-noH.pdb,16.7295
mol72,rec_15_mol72.sdf,rec_final_15-noH.pdb,16.5670
mol72,rec_4_mol72.sdf,rec_final_4-noH.pdb,15.7432
mol72,rec_16_mol72.sdf,rec_final_16-noH.pdb,15.6981
mol72,rec_12_mol72.sdf,rec_final_12-noH.pdb,15.6019
mol72,rec_18_mol72.sdf,rec_final_18-noH.pdb,15.5875
mol72,rec_17_mol72.sdf,rec_final_17-noH.pdb,15.2130
mol72,rec_11_mol72.sdf,rec_final_11-noH.pdb,14.8368
mol72,rec_7_mol72.sdf,rec_final_7-noH.pdb,13.2413
mol72,rec_1_mol72.sdf,rec_final_1-noH.pdb,12.1640
mol72,rec_2_mol72.sdf,rec_final_2-noH.pdb,11.4540
mol72,rec_5_mol72.sdf,rec_final_5-noH.pdb,10.4117
mol73,rec_7_mol73.sdf,rec_final_7-noH.pdb,16.9008
mol73,rec_9_mol73.sdf,rec_final_9-noH.pdb,16.7764
mol73,rec_20_mol73.sdf,rec_final_20-noH.pdb,16.6875
mol73,rec_13_mol73.sdf,rec_final_13-noH.pdb,16.5833
mol73,rec_6_mol73.sdf,rec_final_6-noH.pdb,16.3841
mol73,rec_4_mol73.sdf,rec_final_4-noH.pdb,16.3824
mol73,rec_11_mol73.sdf,rec_final_11-noH.pdb,16.3781
mol73,rec_8_mol73.sdf,rec_final_8-noH.pdb,16.3505
mol73,rec_17_mol73.sdf,rec_final_17-noH.pdb,16.2273
mol73,rec_12_mol73.sdf,rec_final_12-noH.pdb,16.1775
mol73,rec_16_mol73.sdf,rec_final_16-noH.pdb,16.1736
mol73,rec_1_mol73.sdf,rec_final_1-noH.pdb,15.9956
mol73,rec_18_mol73.sdf,rec_final_18-noH.pdb,15.9414
mol73,rec_5_mol73.sdf,rec_final_5-noH.pdb,15.8637
mol73,rec_15_mol73.sdf,rec_final_15-noH.pdb,15.6682
mol73,rec_3_mol73.sdf,rec_final_3-noH.pdb,15.6560
mol73,rec_14_mol73.sdf,rec_final_14-noH.pdb,15.4526
mol73,rec_10_mol73.sdf,rec_final_10-noH.pdb,13.7560
mol73,rec_19_mol73.sdf,rec_final_19-noH.pdb,13.4786
mol73,rec_2_mol73.sdf,rec_final_2-noH.pdb,13.4741
mol74,rec_6_mol74.sdf,rec_final_6-noH.pdb,17.3880
mol74,rec_8_mol74.sdf,rec_final_8-noH.pdb,17.2950
mol74,rec_10_mol74.sdf,rec_final_10-noH.pdb,16.8865
mol74,rec_3_mol74.sdf,rec_final_3-noH.pdb,16.7889
mol74,rec_2_mol74.sdf,rec_final_2-noH.pdb,16.6627
mol74,rec_13_mol74.sdf,rec_final_13-noH.pdb,16.2463
mol74,rec_20_mol74.sdf,rec_final_20-noH.pdb,15.9262
mol74,rec_7_mol74.sdf,rec_final_7-noH.pdb,15.8849
mol74,rec_19_mol74.sdf,rec_final_19-noH.pdb,15.6909
mol74,rec_17_mol74.sdf,rec_final_17-noH.pdb,15.5545
mol74,rec_4_mol74.sdf,rec_final_4-noH.pdb,15.3825
mol74,rec_16_mol74.sdf,rec_final_16-noH.pdb,15.2346
mol74,rec_11_mol74.sdf,rec_final_11-noH.pdb,15.0831
mol74,rec_14_mol74.sdf,rec_final_14-noH.pdb,14.9691
mol74,rec_9_mol74.sdf,rec_final_9-noH.pdb,14.8458
mol74,rec_15_mol74.sdf,rec_final_15-noH.pdb,14.8136
mol74,rec_18_mol74.sdf,rec_final_18-noH.pdb,14.7021
mol74,rec_1_mol74.sdf,rec_final_1-noH.pdb,14.4423
mol74,rec_12_mol74.sdf,rec_final_12-noH.pdb,14.1090
mol74,rec_5_mol74.sdf,rec_final_5-noH.pdb,13.9717
mol75,rec_20_mol75.sdf,rec_final_20-noH.pdb,28.0216
mol75,rec_17_mol75.sdf,rec_final_17-noH.pdb,27.9446
mol75,rec_7_mol75.sdf,rec_final_7-noH.pdb,27.4186
mol75,rec_19_mol75.sdf,rec_final_19-noH.pdb,27.1832
mol75,rec_6_mol75.sdf,rec_final_6-noH.pdb,26.8850
mol75,rec_13_mol75.sdf,rec_final_13-noH.pdb,26.7321
mol75,rec_11_mol75.sdf,rec_final_11-noH.pdb,26.2059
mol75,rec_2_mol75.sdf,rec_final_2-noH.pdb,25.5984
mol75,rec_9_mol75.sdf,rec_final_9-noH.pdb,25.4655
mol75,rec_3_mol75.sdf,rec_final_3-noH.pdb,25.1722
mol75,rec_14_mol75.sdf,rec_final_14-noH.pdb,24.8040
mol75,rec_12_mol75.sdf,rec_final_12-noH.pdb,24.6536
mol75,rec_5_mol75.sdf,rec_final_5-noH.pdb,24.3079
mol75,rec_18_mol75.sdf,rec_final_18-noH.pdb,23.6315
mol75,rec_15_mol75.sdf,rec_final_15-noH.pdb,23.5006
mol75,rec_8_mol75.sdf,rec_final_8-noH.pdb,22.9872
mol75,rec_10_mol75.sdf,rec_final_10-noH.pdb,22.0685
mol75,rec_16_mol75.sdf,rec_final_16-noH.pdb,21.5968
mol75,rec_1_mol75.sdf,rec_final_1-noH.pdb,20.3090
mol75,rec_4_mol75.sdf,rec_final_4-noH.pdb,20.1182
mol76,rec_6_mol76.sdf,rec_final_6-noH.pdb,22.4538
mol76,rec_19_mol76.sdf,rec_final_19-noH.pdb,22.1046
mol76,rec_17_mol76.sdf,rec_final_17-noH.pdb,21.8628
mol76,rec_20_mol76.sdf,rec_final_20-noH.pdb,21.6299
mol76,rec_8_mol76.sdf,rec_final_8-noH.pdb,21.5678
mol76,rec_11_mol76.sdf,rec_final_11-noH.pdb,21.3375
mol76,rec_7_mol76.sdf,rec_final_7-noH.pdb,21.3304
mol76,rec_3_mol76.sdf,rec_final_3-noH.pdb,21.3105
mol76,rec_18_mol76.sdf,rec_final_18-noH.pdb,21.1222
mol76,rec_2_mol76.sdf,rec_final_2-noH.pdb,20.9255
mol76,rec_12_mol76.sdf,rec_final_12-noH.pdb,20.5631
mol76,rec_16_mol76.sdf,rec_final_16-noH.pdb,20.5352
mol76,rec_15_mol76.sdf,rec_final_15-noH.pdb,20.2802
mol76,rec_9_mol76.sdf,rec_final_9-noH.pdb,20.1283
mol76,rec_14_mol76.sdf,rec_final_14-noH.pdb,19.9353
mol76,rec_13_mol76.sdf,rec_final_13-noH.pdb,19.8225
mol76,rec_4_mol76.sdf,rec_final_4-noH.pdb,19.6507
mol76,rec_10_mol76.sdf,rec_final_10-noH.pdb,19.3480
mol76,rec_5_mol76.sdf,rec_final_5-noH.pdb,19.0597
mol76,rec_1_mol76.sdf,rec_final_1-noH.pdb,17.6664
mol77,rec_8_mol77.sdf,rec_final_8-noH.pdb,26.1326
mol77,rec_16_mol77.sdf,rec_final_16-noH.pdb,25.2856
mol77,rec_2_mol77.sdf,rec_final_2-noH.pdb,24.7569
mol77,rec_15_mol77.sdf,rec_final_15-noH.pdb,24.5627
mol77,rec_9_mol77.sdf,rec_final_9-noH.pdb,24.5505
mol77,rec_17_mol77.sdf,rec_final_17-noH.pdb,24.4819
mol77,rec_20_mol77.sdf,rec_final_20-noH.pdb,24.4148
mol77,rec_11_mol77.sdf,rec_final_11-noH.pdb,24.2984
mol77,rec_14_mol77.sdf,rec_final_14-noH.pdb,24.1378
mol77,rec_13_mol77.sdf,rec_final_13-noH.pdb,24.0680
mol77,rec_3_mol77.sdf,rec_final_3-noH.pdb,23.9123
mol77,rec_18_mol77.sdf,rec_final_18-noH.pdb,23.2581
mol77,rec_6_mol77.sdf,rec_final_6-noH.pdb,22.9103
mol77,rec_19_mol77.sdf,rec_final_19-noH.pdb,22.2700
mol77,rec_12_mol77.sdf,rec_final_12-noH.pdb,21.4679
mol77,rec_5_mol77.sdf,rec_final_5-noH.pdb,20.4812
mol77,rec_7_mol77.sdf,rec_final_7-noH.pdb,19.7598
mol77,rec_4_mol77.sdf,rec_final_4-noH.pdb,18.7574
mol77,rec_10_mol77.sdf,rec_final_10-noH.pdb,18.5390
mol77,rec_1_mol77.sdf,rec_final_1-noH.pdb,17.9662
mol78,rec_7_mol78.sdf,rec_final_7-noH.pdb,25.2022
mol78,rec_20_mol78.sdf,rec_final_20-noH.pdb,23.0611
mol78,rec_8_mol78.sdf,rec_final_8-noH.pdb,23.0315
mol78,rec_16_mol78.sdf,rec_final_16-noH.pdb,22.8996
mol78,rec_17_mol78.sdf,rec_final_17-noH.pdb,22.6519
mol78,rec_2_mol78.sdf,rec_final_2-noH.pdb,22.4209
mol78,rec_11_mol78.sdf,rec_final_11-noH.pdb,22.1756
mol78,rec_15_mol78.sdf,rec_final_15-noH.pdb,21.9621
mol78,rec_14_mol78.sdf,rec_final_14-noH.pdb,21.6979
mol78,rec_3_mol78.sdf,rec_final_3-noH.pdb,21.5416
mol78,rec_13_mol78.sdf,rec_final_13-noH.pdb,21.3422
mol78,rec_9_mol78.sdf,rec_final_9-noH.pdb,21.1886
mol78,rec_12_mol78.sdf,rec_final_12-noH.pdb,21.0191
mol78,rec_6_mol78.sdf,rec_final_6-noH.pdb,20.5340
mol78,rec_18_mol78.sdf,rec_final_18-noH.pdb,19.7394
mol78,rec_19_mol78.sdf,rec_final_19-noH.pdb,19.6493
mol78,rec_5_mol78.sdf,rec_final_5-noH.pdb,19.5512
mol78,rec_1_mol78.sdf,rec_final_1-noH.pdb,18.8151
mol78,rec_10_mol78.sdf,rec_final_10-noH.pdb,17.8998
mol78,rec_4_mol78.sdf,rec_final_4-noH.pdb,16.3104
mol79,rec_19_mol79.sdf,rec_final_19-noH.pdb,20.0093
mol79,rec_2_mol79.sdf,rec_final_2-noH.pdb,19.4522
mol79,rec_13_mol79.sdf,rec_final_13-noH.pdb,19.2824
mol79,rec_20_mol79.sdf,rec_final_20-noH.pdb,19.0536
mol79,rec_3_mol79.sdf,rec_final_3-noH.pdb,18.9488
mol79,rec_17_mol79.sdf,rec_final_17-noH.pdb,18.8462
mol79,rec_15_mol79.sdf,rec_final_15-noH.pdb,18.7568
mol79,rec_7_mol79.sdf,rec_final_7-noH.pdb,18.6965
mol79,rec_16_mol79.sdf,rec_final_16-noH.pdb,18.3769
mol79,rec_11_mol79.sdf,rec_final_11-noH.pdb,18.2169
mol79,rec_6_mol79.sdf,rec_final_6-noH.pdb,17.3963
mol79,rec_14_mol79.sdf,rec_final_14-noH.pdb,17.2702
mol79,rec_9_mol79.sdf,rec_final_9-noH.pdb,17.2659
mol79,rec_10_mol79.sdf,rec_final_10-noH.pdb,17.0485
mol79,rec_4_mol79.sdf,rec_final_4-noH.pdb,16.8807
mol79,rec_5_mol79.sdf,rec_final_5-noH.pdb,16.8689
mol79,rec_1_mol79.sdf,rec_final_1-noH.pdb,16.8503
mol79,rec_8_mol79.sdf,rec_final_8-noH.pdb,16.6369
mol79,rec_12_mol79.sdf,rec_final_12-noH.pdb,16.3732
mol79,rec_18_mol79.sdf,rec_final_18-noH.pdb,15.1413
mol80,rec_19_mol80.sdf,rec_final_19-noH.pdb,21.0920
mol80,rec_7_mol80.sdf,rec_final_7-noH.pdb,21.0077
mol80,rec_12_mol80.sdf,rec_final_12-noH.pdb,20.5176
mol80,rec_18_mol80.sdf,rec_final_18-noH.pdb,20.4702
mol80,rec_8_mol80.sdf,rec_final_8-noH.pdb,20.2948
mol80,rec_20_mol80.sdf,rec_final_20-noH.pdb,20.1624
mol80,rec_2_mol80.sdf,rec_final_2-noH.pdb,20.1071
mol80,rec_17_mol80.sdf,rec_final_17-noH.pdb,19.5718
mol80,rec_1_mol80.sdf,rec_final_1-noH.pdb,19.4294
mol80,rec_3_mol80.sdf,rec_final_3-noH.pdb,19.0275
mol80,rec_9_mol80.sdf,rec_final_9-noH.pdb,19.0268
mol80,rec_6_mol80.sdf,rec_final_6-noH.pdb,18.9697
mol80,rec_14_mol80.sdf,rec_final_14-noH.pdb,18.9393
mol80,rec_11_mol80.sdf,rec_final_11-noH.pdb,18.9340
mol80,rec_16_mol80.sdf,rec_final_16-noH.pdb,18.7043
mol80,rec_13_mol80.sdf,rec_final_13-noH.pdb,18.6980
mol80,rec_5_mol80.sdf,rec_final_5-noH.pdb,18.4144
mol80,rec_15_mol80.sdf,rec_final_15-noH.pdb,17.8922
mol80,rec_4_mol80.sdf,rec_final_4-noH.pdb,17.1329
mol80,rec_10_mol80.sdf,rec_final_10-noH.pdb,16.3117
mol81,rec_6_mol81.sdf,rec_final_6-noH.pdb,15.9168
mol81,rec_17_mol81.sdf,rec_final_17-noH.pdb,15.3865
mol81,rec_7_mol81.sdf,rec_final_7-noH.pdb,15.3641
mol81,rec_20_mol81.sdf,rec_final_20-noH.pdb,15.1351
mol81,rec_12_mol81.sdf,rec_final_12-noH.pdb,15.1317
mol81,rec_14_mol81.sdf,rec_final_14-noH.pdb,14.3265
mol81,rec_3_mol81.sdf,rec_final_3-noH.pdb,14.2161
mol81,rec_19_mol81.sdf,rec_final_19-noH.pdb,14.1359
mol81,rec_11_mol81.sdf,rec_final_11-noH.pdb,13.8726
mol81,rec_8_mol81.sdf,rec_final_8-noH.pdb,13.7188
mol81,rec_2_mol81.sdf,rec_final_2-noH.pdb,13.6946
mol81,rec_13_mol81.sdf,rec_final_13-noH.pdb,13.5734
mol81,rec_16_mol81.sdf,rec_final_16-noH.pdb,13.4942
mol81,rec_9_mol81.sdf,rec_final_9-noH.pdb,13.3150
mol81,rec_4_mol81.sdf,rec_final_4-noH.pdb,12.7299
mol81,rec_15_mol81.sdf,rec_final_15-noH.pdb,12.5605
mol81,rec_18_mol81.sdf,rec_final_18-noH.pdb,12.4849
mol81,rec_10_mol81.sdf,rec_final_10-noH.pdb,12.0940
mol81,rec_1_mol81.sdf,rec_final_1-noH.pdb,11.8798
mol81,rec_5_mol81.sdf,rec_final_5-noH.pdb,10.8572
mol82,rec_17_mol82.sdf,rec_final_17-noH.pdb,15.7012
mol82,rec_20_mol82.sdf,rec_final_20-noH.pdb,15.6995
mol82,rec_19_mol82.sdf,rec_final_19-noH.pdb,15.5668
mol82,rec_5_mol82.sdf,rec_final_5-noH.pdb,15.0419
mol82,rec_13_mol82.sdf,rec_final_13-noH.pdb,14.9618
mol82,rec_2_mol82.sdf,rec_final_2-noH.pdb,14.7414
mol82,rec_6_mol82.sdf,rec_final_6-noH.pdb,14.6342
mol82,rec_8_mol82.sdf,rec_final_8-noH.pdb,14.4347
mol82,rec_3_mol82.sdf,rec_final_3-noH.pdb,14.3861
mol82,rec_7_mol82.sdf,rec_final_7-noH.pdb,14.3511
mol82,rec_18_mol82.sdf,rec_final_18-noH.pdb,13.9382
mol82,rec_9_mol82.sdf,rec_final_9-noH.pdb,13.7183
mol82,rec_11_mol82.sdf,rec_final_11-noH.pdb,13.6000
mol82,rec_16_mol82.sdf,rec_final_16-noH.pdb,13.4926
mol82,rec_1_mol82.sdf,rec_final_1-noH.pdb,13.3814
mol82,rec_14_mol82.sdf,rec_final_14-noH.pdb,13.3415
mol82,rec_12_mol82.sdf,rec_final_12-noH.pdb,13.2676
mol82,rec_4_mol82.sdf,rec_final_4-noH.pdb,12.7476
mol82,rec_15_mol82.sdf,rec_final_15-noH.pdb,12.2512
mol82,rec_10_mol82.sdf,rec_final_10-noH.pdb,12.2442
mol83,rec_2_mol83.sdf,rec_final_2-noH.pdb,16.2516
mol83,rec_17_mol83.sdf,rec_final_17-noH.pdb,16.1069
mol83,rec_3_mol83.sdf,rec_final_3-noH.pdb,15.9640
mol83,rec_8_mol83.sdf,rec_final_8-noH.pdb,15.5980
mol83,rec_13_mol83.sdf,rec_final_13-noH.pdb,15.3592
mol83,rec_5_mol83.sdf,rec_final_5-noH.pdb,15.2790
mol83,rec_19_mol83.sdf,rec_final_19-noH.pdb,15.1632
mol83,rec_16_mol83.sdf,rec_final_16-noH.pdb,15.0024
mol83,rec_14_mol83.sdf,rec_final_14-noH.pdb,14.9395
mol83,rec_12_mol83.sdf,rec_final_12-noH.pdb,14.9009
mol83,rec_1_mol83.sdf,rec_final_1-noH.pdb,14.8584
mol83,rec_6_mol83.sdf,rec_final_6-noH.pdb,14.8163
mol83,rec_15_mol83.sdf,rec_final_15-noH.pdb,14.7052
mol83,rec_10_mol83.sdf,rec_final_10-noH.pdb,14.4822
mol83,rec_20_mol83.sdf,rec_final_20-noH.pdb,14.2764
mol83,rec_4_mol83.sdf,rec_final_4-noH.pdb,13.9489
mol83,rec_9_mol83.sdf,rec_final_9-noH.pdb,13.6356
mol83,rec_11_mol83.sdf,rec_final_11-noH.pdb,13.6037
mol83,rec_18_mol83.sdf,rec_final_18-noH.pdb,12.5994
mol84,rec_6_mol84.sdf,rec_final_6-noH.pdb,24.4346
mol84,rec_14_mol84.sdf,rec_final_14-noH.pdb,24.1787
mol84,rec_19_mol84.sdf,rec_final_19-noH.pdb,23.9265
mol84,rec_8_mol84.sdf,rec_final_8-noH.pdb,23.9177
mol84,rec_20_mol84.sdf,rec_final_20-noH.pdb,23.8370
mol84,rec_12_mol84.sdf,rec_final_12-noH.pdb,23.0661
mol84,rec_7_mol84.sdf,rec_final_7-noH.pdb,22.8139
mol84,rec_13_mol84.sdf,rec_final_13-noH.pdb,22.6115
mol84,rec_4_mol84.sdf,rec_final_4-noH.pdb,22.4337
mol84,rec_10_mol84.sdf,rec_final_10-noH.pdb,22.1925
mol84,rec_2_mol84.sdf,rec_final_2-noH.pdb,21.9607
mol84,rec_17_mol84.sdf,rec_final_17-noH.pdb,21.9274
mol84,rec_11_mol84.sdf,rec_final_11-noH.pdb,21.9240
mol84,rec_16_mol84.sdf,rec_final_16-noH.pdb,21.8498
mol84,rec_5_mol84.sdf,rec_final_5-noH.pdb,20.8675
mol84,rec_9_mol84.sdf,rec_final_9-noH.pdb,20.1201
mol84,rec_18_mol84.sdf,rec_final_18-noH.pdb,19.7624
mol84,rec_15_mol84.sdf,rec_final_15-noH.pdb,18.4585
mol84,rec_1_mol84.sdf,rec_final_1-noH.pdb,15.2869
mol85,rec_6_mol85.sdf,rec_final_6-noH.pdb,22.9514
mol85,rec_3_mol85.sdf,rec_final_3-noH.pdb,21.3412
mol85,rec_19_mol85.sdf,rec_final_19-noH.pdb,21.1563
mol85,rec_12_mol85.sdf,rec_final_12-noH.pdb,20.5733
mol85,rec_17_mol85.sdf,rec_final_17-noH.pdb,20.4538
mol85,rec_20_mol85.sdf,rec_final_20-noH.pdb,20.4117
mol85,rec_13_mol85.sdf,rec_final_13-noH.pdb,20.2109
mol85,rec_8_mol85.sdf,rec_final_8-noH.pdb,19.9224
mol85,rec_18_mol85.sdf,rec_final_18-noH.pdb,19.3839
mol85,rec_2_mol85.sdf,rec_final_2-noH.pdb,19.2493
mol85,rec_7_mol85.sdf,rec_final_7-noH.pdb,19.1057
mol85,rec_14_mol85.sdf,rec_final_14-noH.pdb,19.0822
mol85,rec_16_mol85.sdf,rec_final_16-noH.pdb,18.9281
mol85,rec_4_mol85.sdf,rec_final_4-noH.pdb,18.5411
mol85,rec_11_mol85.sdf,rec_final_11-noH.pdb,18.3145
mol85,rec_9_mol85.sdf,rec_final_9-noH.pdb,18.1448
mol85,rec_15_mol85.sdf,rec_final_15-noH.pdb,17.5608
mol85,rec_1_mol85.sdf,rec_final_1-noH.pdb,17.1354
mol85,rec_10_mol85.sdf,rec_final_10-noH.pdb,16.5659
mol85,rec_5_mol85.sdf,rec_final_5-noH.pdb,15.6339
mol86,rec_2_mol86.sdf,rec_final_2-noH.pdb,16.6886
mol86,rec_19_mol86.sdf,rec_final_19-noH.pdb,16.5861
mol86,rec_7_mol86.sdf,rec_final_7-noH.pdb,14.8077
mol86,rec_10_mol86.sdf,rec_final_10-noH.pdb,14.7394
mol86,rec_17_mol86.sdf,rec_final_17-noH.pdb,14.6302
mol86,rec_16_mol86.sdf,rec_final_16-noH.pdb,14.3513
mol86,rec_20_mol86.sdf,rec_final_20-noH.pdb,14.3300
mol86,rec_9_mol86.sdf,rec_final_9-noH.pdb,13.4430
mol86,rec_18_mol86.sdf,rec_final_18-noH.pdb,13.3157
mol86,rec_14_mol86.sdf,rec_final_14-noH.pdb,13.1739
mol86,rec_11_mol86.sdf,rec_final_11-noH.pdb,13.1449
mol86,rec_13_mol86.sdf,rec_final_13-noH.pdb,12.9562
mol86,rec_3_mol86.sdf,rec_final_3-noH.pdb,12.7576
mol86,rec_12_mol86.sdf,rec_final_12-noH.pdb,12.6910
mol86,rec_6_mol86.sdf,rec_final_6-noH.pdb,12.5985
mol86,rec_4_mol86.sdf,rec_final_4-noH.pdb,12.5878
mol86,rec_1_mol86.sdf,rec_final_1-noH.pdb,12.4183
mol86,rec_8_mol86.sdf,rec_final_8-noH.pdb,11.7772
mol86,rec_5_mol86.sdf,rec_final_5-noH.pdb,11.4388
mol86,rec_15_mol86.sdf,rec_final_15-noH.pdb,10.5498
mol87,rec_6_mol87.sdf,rec_final_6-noH.pdb,22.2979
mol87,rec_12_mol87.sdf,rec_final_12-noH.pdb,22.1034
mol87,rec_7_mol87.sdf,rec_final_7-noH.pdb,21.6308
mol87,rec_19_mol87.sdf,rec_final_19-noH.pdb,21.5177
mol87,rec_8_mol87.sdf,rec_final_8-noH.pdb,21.4300
mol87,rec_20_mol87.sdf,rec_final_20-noH.pdb,21.2285
mol87,rec_11_mol87.sdf,rec_final_11-noH.pdb,20.4045
mol87,rec_14_mol87.sdf,rec_final_14-noH.pdb,20.1108
mol87,rec_16_mol87.sdf,rec_final_16-noH.pdb,20.0938
mol87,rec_2_mol87.sdf,rec_final_2-noH.pdb,19.6862
mol87,rec_13_mol87.sdf,rec_final_13-noH.pdb,19.6571
mol87,rec_9_mol87.sdf,rec_final_9-noH.pdb,19.5635
mol87,rec_3_mol87.sdf,rec_final_3-noH.pdb,19.2615
mol87,rec_5_mol87.sdf,rec_final_5-noH.pdb,19.2438
mol87,rec_15_mol87.sdf,rec_final_15-noH.pdb,19.2427
mol87,rec_18_mol87.sdf,rec_final_18-noH.pdb,19.0936
mol87,rec_17_mol87.sdf,rec_final_17-noH.pdb,18.9318
mol87,rec_10_mol87.sdf,rec_final_10-noH.pdb,18.4096
mol87,rec_4_mol87.sdf,rec_final_4-noH.pdb,18.2001
mol87,rec_1_mol87.sdf,rec_final_1-noH.pdb,17.0072
mol88,rec_14_mol88.sdf,rec_final_14-noH.pdb,18.2413
mol88,rec_11_mol88.sdf,rec_final_11-noH.pdb,18.1670
mol88,rec_16_mol88.sdf,rec_final_16-noH.pdb,17.4104
mol88,rec_17_mol88.sdf,rec_final_17-noH.pdb,17.1068
mol88,rec_7_mol88.sdf,rec_final_7-noH.pdb,16.6412
mol88,rec_9_mol88.sdf,rec_final_9-noH.pdb,15.6191
mol88,rec_6_mol88.sdf,rec_final_6-noH.pdb,15.5511
mol88,rec_13_mol88.sdf,rec_final_13-noH.pdb,15.4941
mol88,rec_3_mol88.sdf,rec_final_3-noH.pdb,15.3733
mol88,rec_10_mol88.sdf,rec_final_10-noH.pdb,15.1941
mol88,rec_8_mol88.sdf,rec_final_8-noH.pdb,14.7831
mol88,rec_1_mol88.sdf,rec_final_1-noH.pdb,14.6768
mol88,rec_4_mol88.sdf,rec_final_4-noH.pdb,13.9976
mol88,rec_5_mol88.sdf,rec_final_5-noH.pdb,13.5959
mol88,rec_12_mol88.sdf,rec_final_12-noH.pdb,12.9664
mol88,rec_19_mol88.sdf,rec_final_19-noH.pdb,12.2929
mol88,rec_20_mol88.sdf,rec_final_20-noH.pdb,11.8056
mol88,rec_2_mol88.sdf,rec_final_2-noH.pdb,11.5124
mol88,rec_18_mol88.sdf,rec_final_18-noH.pdb,11.1709
mol88,rec_15_mol88.sdf,rec_final_15-noH.pdb,9.8808
mol89,rec_16_mol89.sdf,rec_final_16-noH.pdb,15.5558
mol89,rec_10_mol89.sdf,rec_final_10-noH.pdb,14.6100
mol89,rec_20_mol89.sdf,rec_final_20-noH.pdb,13.0675
mol89,rec_7_mol89.sdf,rec_final_7-noH.pdb,12.1947
mol89,rec_17_mol89.sdf,rec_final_17-noH.pdb,11.9980
mol89,rec_13_mol89.sdf,rec_final_13-noH.pdb,11.8860
mol89,rec_2_mol89.sdf,rec_final_2-noH.pdb,11.8352
mol89,rec_11_mol89.sdf,rec_final_11-noH.pdb,11.6298
mol89,rec_8_mol89.sdf,rec_final_8-noH.pdb,11.3928
mol89,rec_9_mol89.sdf,rec_final_9-noH.pdb,11.2175
mol89,rec_3_mol89.sdf,rec_final_3-noH.pdb,11.1958
mol89,rec_14_mol89.sdf,rec_final_14-noH.pdb,11.1879
mol89,rec_18_mol89.sdf,rec_final_18-noH.pdb,11.1526
mol89,rec_6_mol89.sdf,rec_final_6-noH.pdb,10.8742
mol89,rec_19_mol89.sdf,rec_final_19-noH.pdb,10.6621
mol89,rec_12_mol89.sdf,rec_final_12-noH.pdb,10.5507
mol89,rec_1_mol89.sdf,rec_final_1-noH.pdb,10.5155
mol89,rec_5_mol89.sdf,rec_final_5-noH.pdb,10.4498
mol89,rec_4_mol89.sdf,rec_final_4-noH.pdb,9.9612
mol89,rec_15_mol89.sdf,rec_final_15-noH.pdb,9.9400
mol90,rec_6_mol90.sdf,rec_final_6-noH.pdb,26.0588
mol90,rec_17_mol90.sdf,rec_final_17-noH.pdb,25.7121
mol90,rec_20_mol90.sdf,rec_final_20-noH.pdb,24.3956
mol90,rec_3_mol90.sdf,rec_final_3-noH.pdb,24.0449
mol90,rec_8_mol90.sdf,rec_final_8-noH.pdb,23.9232
mol90,rec_16_mol90.sdf,rec_final_16-noH.pdb,23.9195
mol90,rec_19_mol90.sdf,rec_final_19-noH.pdb,23.8592
mol90,rec_7_mol90.sdf,rec_final_7-noH.pdb,23.6275
mol90,rec_2_mol90.sdf,rec_final_2-noH.pdb,22.8132
mol90,rec_9_mol90.sdf,rec_final_9-noH.pdb,22.3034
mol90,rec_11_mol90.sdf,rec_final_11-noH.pdb,22.2075
mol90,rec_5_mol90.sdf,rec_final_5-noH.pdb,22.0295
mol90,rec_13_mol90.sdf,rec_final_13-noH.pdb,21.7637
mol90,rec_14_mol90.sdf,rec_final_14-noH.pdb,21.6202
mol90,rec_4_mol90.sdf,rec_final_4-noH.pdb,21.0817
mol90,rec_18_mol90.sdf,rec_final_18-noH.pdb,20.8249
mol90,rec_15_mol90.sdf,rec_final_15-noH.pdb,20.6811
mol90,rec_12_mol90.sdf,rec_final_12-noH.pdb,20.5063
mol90,rec_10_mol90.sdf,rec_final_10-noH.pdb,19.6319
mol90,rec_1_mol90.sdf,rec_final_1-noH.pdb,17.7667
mol91,rec_20_mol91.sdf,rec_final_20-noH.pdb,28.0214
mol91,rec_17_mol91.sdf,rec_final_17-noH.pdb,27.9411
mol91,rec_6_mol91.sdf,rec_final_6-noH.pdb,27.4465
mol91,rec_7_mol91.sdf,rec_final_7-noH.pdb,27.4179
mol91,rec_19_mol91.sdf,rec_final_19-noH.pdb,27.1830
mol91,rec_13_mol91.sdf,rec_final_13-noH.pdb,26.7311
mol91,rec_11_mol91.sdf,rec_final_11-noH.pdb,26.2096
mol91,rec_2_mol91.sdf,rec_final_2-noH.pdb,25.6018
mol91,rec_9_mol91.sdf,rec_final_9-noH.pdb,25.4611
mol91,rec_3_mol91.sdf,rec_final_3-noH.pdb,25.1739
mol91,rec_14_mol91.sdf,rec_final_14-noH.pdb,24.8034
mol91,rec_12_mol91.sdf,rec_final_12-noH.pdb,24.6538
mol91,rec_5_mol91.sdf,rec_final_5-noH.pdb,24.3204
mol91,rec_18_mol91.sdf,rec_final_18-noH.pdb,23.6304
mol91,rec_15_mol91.sdf,rec_final_15-noH.pdb,23.5034
mol91,rec_8_mol91.sdf,rec_final_8-noH.pdb,22.9881
mol91,rec_10_mol91.sdf,rec_final_10-noH.pdb,22.0731
mol91,rec_16_mol91.sdf,rec_final_16-noH.pdb,21.5993
mol91,rec_1_mol91.sdf,rec_final_1-noH.pdb,21.0861
mol91,rec_4_mol91.sdf,rec_final_4-noH.pdb,20.3768
mol92,rec_20_mol92.sdf,rec_final_20-noH.pdb,25.0166
mol92,rec_17_mol92.sdf,rec_final_17-noH.pdb,22.5136
mol92,rec_6_mol92.sdf,rec_final_6-noH.pdb,22.4223
mol92,rec_7_mol92.sdf,rec_final_7-noH.pdb,22.0723
mol92,rec_8_mol92.sdf,rec_final_8-noH.pdb,21.9934
mol92,rec_14_mol92.sdf,rec_final_14-noH.pdb,21.6392
mol92,rec_3_mol92.sdf,rec_final_3-noH.pdb,21.6272
mol92,rec_16_mol92.sdf,rec_final_16-noH.pdb,21.5191
mol92,rec_11_mol92.sdf,rec_final_11-noH.pdb,21.3434
mol92,rec_19_mol92.sdf,rec_final_19-noH.pdb,21.0792
mol92,rec_18_mol92.sdf,rec_final_18-noH.pdb,21.0306
mol92,rec_2_mol92.sdf,rec_final_2-noH.pdb,20.6173
mol92,rec_12_mol92.sdf,rec_final_12-noH.pdb,20.6084
mol92,rec_13_mol92.sdf,rec_final_13-noH.pdb,20.4231
mol92,rec_4_mol92.sdf,rec_final_4-noH.pdb,20.3493
mol92,rec_10_mol92.sdf,rec_final_10-noH.pdb,19.7034
mol92,rec_5_mol92.sdf,rec_final_5-noH.pdb,19.5034
mol92,rec_9_mol92.sdf,rec_final_9-noH.pdb,19.3251
mol92,rec_15_mol92.sdf,rec_final_15-noH.pdb,18.3332
mol92,rec_1_mol92.sdf,rec_final_1-noH.pdb,18.1460
mol93,rec_11_mol93.sdf,rec_final_11-noH.pdb,27.3145
mol93,rec_6_mol93.sdf,rec_final_6-noH.pdb,24.2778
mol93,rec_19_mol93.sdf,rec_final_19-noH.pdb,23.8818
mol93,rec_20_mol93.sdf,rec_final_20-noH.pdb,23.8387
mol93,rec_14_mol93.sdf,rec_final_14-noH.pdb,23.1988
mol93,rec_3_mol93.sdf,rec_final_3-noH.pdb,22.8081
mol93,rec_7_mol93.sdf,rec_final_7-noH.pdb,22.0979
mol93,rec_12_mol93.sdf,rec_final_12-noH.pdb,22.0445
mol93,rec_2_mol93.sdf,rec_final_2-noH.pdb,21.9911
mol93,rec_4_mol93.sdf,rec_final_4-noH.pdb,21.6898
mol93,rec_16_mol93.sdf,rec_final_16-noH.pdb,21.2712
mol93,rec_17_mol93.sdf,rec_final_17-noH.pdb,21.2057
mol93,rec_13_mol93.sdf,rec_final_13-noH.pdb,21.1339
mol93,rec_9_mol93.sdf,rec_final_9-noH.pdb,20.6362
mol93,rec_18_mol93.sdf,rec_final_18-noH.pdb,20.4748
mol93,rec_5_mol93.sdf,rec_final_5-noH.pdb,20.1048
mol93,rec_15_mol93.sdf,rec_final_15-noH.pdb,19.5212
mol93,rec_10_mol93.sdf,rec_final_10-noH.pdb,18.1104
mol93,rec_1_mol93.sdf,rec_final_1-noH.pdb,17.9170
mol95,rec_17_mol95.sdf,rec_final_17-noH.pdb,25.8136
mol95,rec_16_mol95.sdf,rec_final_16-noH.pdb,25.6441
mol95,rec_20_mol95.sdf,rec_final_20-noH.pdb,25.5992
mol95,rec_2_mol95.sdf,rec_final_2-noH.pdb,25.3339
mol95,rec_9_mol95.sdf,rec_final_9-noH.pdb,25.0332
mol95,rec_19_mol95.sdf,rec_final_19-noH.pdb,24.7456
mol95,rec_13_mol95.sdf,rec_final_13-noH.pdb,24.7455
mol95,rec_3_mol95.sdf,rec_final_3-noH.pdb,24.5324
mol95,rec_8_mol95.sdf,rec_final_8-noH.pdb,24.3180
mol95,rec_14_mol95.sdf,rec_final_14-noH.pdb,23.8098
mol95,rec_7_mol95.sdf,rec_final_7-noH.pdb,23.7097
mol95,rec_15_mol95.sdf,rec_final_15-noH.pdb,23.2161
mol95,rec_11_mol95.sdf,rec_final_11-noH.pdb,23.2014
mol95,rec_18_mol95.sdf,rec_final_18-noH.pdb,23.0473
mol95,rec_10_mol95.sdf,rec_final_10-noH.pdb,22.4748
mol95,rec_12_mol95.sdf,rec_final_12-noH.pdb,22.0743
mol95,rec_5_mol95.sdf,rec_final_5-noH.pdb,22.0128
mol95,rec_4_mol95.sdf,rec_final_4-noH.pdb,20.8683
mol95,rec_1_mol95.sdf,rec_final_1-noH.pdb,19.4843
mol96,rec_20_mol96.sdf,rec_final_20-noH.pdb,23.6811
mol96,rec_19_mol96.sdf,rec_final_19-noH.pdb,23.6520
mol96,rec_3_mol96.sdf,rec_final_3-noH.pdb,23.2616
mol96,rec_17_mol96.sdf,rec_final_17-noH.pdb,22.9782
mol96,rec_7_mol96.sdf,rec_final_7-noH.pdb,22.7851
mol96,rec_14_mol96.sdf,rec_final_14-noH.pdb,22.6699
mol96,rec_18_mol96.sdf,rec_final_18-noH.pdb,22.6515
mol96,rec_6_mol96.sdf,rec_final_6-noH.pdb,22.6086
mol96,rec_2_mol96.sdf,rec_final_2-noH.pdb,22.3718
mol96,rec_1_mol96.sdf,rec_final_1-noH.pdb,22.3564
mol96,rec_8_mol96.sdf,rec_final_8-noH.pdb,22.0318
mol96,rec_9_mol96.sdf,rec_final_9-noH.pdb,21.6570
mol96,rec_12_mol96.sdf,rec_final_12-noH.pdb,21.6245
mol96,rec_11_mol96.sdf,rec_final_11-noH.pdb,21.6070
mol96,rec_13_mol96.sdf,rec_final_13-noH.pdb,21.3466
mol96,rec_15_mol96.sdf,rec_final_15-noH.pdb,21.2421
mol96,rec_16_mol96.sdf,rec_final_16-noH.pdb,20.9110
mol96,rec_4_mol96.sdf,rec_final_4-noH.pdb,19.1184
mol96,rec_5_mol96.sdf,rec_final_5-noH.pdb,18.1827
mol96,rec_10_mol96.sdf,rec_final_10-noH.pdb,17.5527
mol97,rec_7_mol97.sdf,rec_final_7-noH.pdb,16.3493
mol97,rec_3_mol97.sdf,rec_final_3-noH.pdb,15.9657
mol97,rec_13_mol97.sdf,rec_final_13-noH.pdb,15.7163
mol97,rec_14_mol97.sdf,rec_final_14-noH.pdb,15.4210
mol97,rec_17_mol97.sdf,rec_final_17-noH.pdb,15.1941
mol97,rec_6_mol97.sdf,rec_final_6-noH.pdb,15.1653
mol97,rec_9_mol97.sdf,rec_final_9-noH.pdb,14.7822
mol97,rec_19_mol97.sdf,rec_final_19-noH.pdb,14.6537
mol97,rec_2_mol97.sdf,rec_final_2-noH.pdb,14.5790
mol97,rec_8_mol97.sdf,rec_final_8-noH.pdb,14.5714
mol97,rec_15_mol97.sdf,rec_final_15-noH.pdb,14.5462
mol97,rec_12_mol97.sdf,rec_final_12-noH.pdb,14.3841
mol97,rec_4_mol97.sdf,rec_final_4-noH.pdb,14.2044
mol97,rec_1_mol97.sdf,rec_final_1-noH.pdb,14.0957
mol97,rec_5_mol97.sdf,rec_final_5-noH.pdb,13.9698
mol97,rec_11_mol97.sdf,rec_final_11-noH.pdb,13.6950
mol97,rec_16_mol97.sdf,rec_final_16-noH.pdb,13.6030
mol97,rec_20_mol97.sdf,rec_final_20-noH.pdb,13.3687
mol97,rec_10_mol97.sdf,rec_final_10-noH.pdb,13.2422
mol97,rec_18_mol97.sdf,rec_final_18-noH.pdb,12.0589
